--
-- PostgreSQL database dump
--

-- Dumped from database version 16.9 (Debian 16.9-1.pgdg120+1)
-- Dumped by pg_dump version 16.9 (Debian 16.9-1.pgdg120+1)

SET statement_timeout = 0;
SET lock_timeout = 0;
SET idle_in_transaction_session_timeout = 0;
SET client_encoding = 'UTF8';
SET standard_conforming_strings = on;
SELECT pg_catalog.set_config('search_path', '', false);
SET check_function_bodies = false;
SET xmloption = content;
SET client_min_messages = warning;
SET row_security = off;

SET default_tablespace = '';

SET default_table_access_method = heap;

--
-- Name: auth_group; Type: TABLE; Schema: public; Owner: thachu
--

CREATE TABLE public.auth_group (
    id integer NOT NULL,
    name character varying(150) NOT NULL
);


ALTER TABLE public.auth_group OWNER TO thachu;

--
-- Name: auth_group_id_seq; Type: SEQUENCE; Schema: public; Owner: thachu
--

ALTER TABLE public.auth_group ALTER COLUMN id ADD GENERATED BY DEFAULT AS IDENTITY (
    SEQUENCE NAME public.auth_group_id_seq
    START WITH 1
    INCREMENT BY 1
    NO MINVALUE
    NO MAXVALUE
    CACHE 1
);


--
-- Name: auth_group_permissions; Type: TABLE; Schema: public; Owner: thachu
--

CREATE TABLE public.auth_group_permissions (
    id bigint NOT NULL,
    group_id integer NOT NULL,
    permission_id integer NOT NULL
);


ALTER TABLE public.auth_group_permissions OWNER TO thachu;

--
-- Name: auth_group_permissions_id_seq; Type: SEQUENCE; Schema: public; Owner: thachu
--

ALTER TABLE public.auth_group_permissions ALTER COLUMN id ADD GENERATED BY DEFAULT AS IDENTITY (
    SEQUENCE NAME public.auth_group_permissions_id_seq
    START WITH 1
    INCREMENT BY 1
    NO MINVALUE
    NO MAXVALUE
    CACHE 1
);


--
-- Name: auth_permission; Type: TABLE; Schema: public; Owner: thachu
--

CREATE TABLE public.auth_permission (
    id integer NOT NULL,
    name character varying(255) NOT NULL,
    content_type_id integer NOT NULL,
    codename character varying(100) NOT NULL
);


ALTER TABLE public.auth_permission OWNER TO thachu;

--
-- Name: auth_permission_id_seq; Type: SEQUENCE; Schema: public; Owner: thachu
--

ALTER TABLE public.auth_permission ALTER COLUMN id ADD GENERATED BY DEFAULT AS IDENTITY (
    SEQUENCE NAME public.auth_permission_id_seq
    START WITH 1
    INCREMENT BY 1
    NO MINVALUE
    NO MAXVALUE
    CACHE 1
);


--
-- Name: authentication_user; Type: TABLE; Schema: public; Owner: thachu
--

CREATE TABLE public.authentication_user (
    id bigint NOT NULL,
    password character varying(128) NOT NULL,
    last_login timestamp with time zone,
    is_superuser boolean NOT NULL,
    username character varying(50) NOT NULL,
    full_name character varying(150) NOT NULL,
    email character varying(254) NOT NULL,
    phone character varying(50) NOT NULL,
    gender character varying(1) NOT NULL,
    avatar character varying(100),
    is_active boolean NOT NULL,
    is_staff boolean NOT NULL,
    reset_token character varying(64)
);


ALTER TABLE public.authentication_user OWNER TO thachu;

--
-- Name: authentication_user_groups; Type: TABLE; Schema: public; Owner: thachu
--

CREATE TABLE public.authentication_user_groups (
    id bigint NOT NULL,
    user_id bigint NOT NULL,
    group_id integer NOT NULL
);


ALTER TABLE public.authentication_user_groups OWNER TO thachu;

--
-- Name: authentication_user_groups_id_seq; Type: SEQUENCE; Schema: public; Owner: thachu
--

ALTER TABLE public.authentication_user_groups ALTER COLUMN id ADD GENERATED BY DEFAULT AS IDENTITY (
    SEQUENCE NAME public.authentication_user_groups_id_seq
    START WITH 1
    INCREMENT BY 1
    NO MINVALUE
    NO MAXVALUE
    CACHE 1
);


--
-- Name: authentication_user_id_seq; Type: SEQUENCE; Schema: public; Owner: thachu
--

ALTER TABLE public.authentication_user ALTER COLUMN id ADD GENERATED BY DEFAULT AS IDENTITY (
    SEQUENCE NAME public.authentication_user_id_seq
    START WITH 1
    INCREMENT BY 1
    NO MINVALUE
    NO MAXVALUE
    CACHE 1
);


--
-- Name: authentication_user_user_permissions; Type: TABLE; Schema: public; Owner: thachu
--

CREATE TABLE public.authentication_user_user_permissions (
    id bigint NOT NULL,
    user_id bigint NOT NULL,
    permission_id integer NOT NULL
);


ALTER TABLE public.authentication_user_user_permissions OWNER TO thachu;

--
-- Name: authentication_user_user_permissions_id_seq; Type: SEQUENCE; Schema: public; Owner: thachu
--

ALTER TABLE public.authentication_user_user_permissions ALTER COLUMN id ADD GENERATED BY DEFAULT AS IDENTITY (
    SEQUENCE NAME public.authentication_user_user_permissions_id_seq
    START WITH 1
    INCREMENT BY 1
    NO MINVALUE
    NO MAXVALUE
    CACHE 1
);


--
-- Name: bookings_booking; Type: TABLE; Schema: public; Owner: thachu
--

CREATE TABLE public.bookings_booking (
    created_at timestamp with time zone NOT NULL,
    updated_at timestamp with time zone NOT NULL,
    id bigint NOT NULL,
    is_active boolean NOT NULL,
    is_deleted boolean NOT NULL,
    booking_number character varying(50) NOT NULL,
    booking_date date NOT NULL,
    booking_time time without time zone,
    number_of_guests integer NOT NULL,
    status character varying(24) NOT NULL,
    payment_status character varying(24) NOT NULL,
    subtotal numeric(10,2) NOT NULL,
    tax numeric(10,2) NOT NULL,
    total_amount numeric(10,2) NOT NULL,
    special_requests text,
    admin_notes text,
    order_id bigint,
    user_id bigint,
    CONSTRAINT bookings_booking_number_of_guests_check CHECK ((number_of_guests >= 0))
);


ALTER TABLE public.bookings_booking OWNER TO thachu;

--
-- Name: bookings_booking_id_seq; Type: SEQUENCE; Schema: public; Owner: thachu
--

ALTER TABLE public.bookings_booking ALTER COLUMN id ADD GENERATED BY DEFAULT AS IDENTITY (
    SEQUENCE NAME public.bookings_booking_id_seq
    START WITH 1
    INCREMENT BY 1
    NO MINVALUE
    NO MAXVALUE
    CACHE 1
);


--
-- Name: bookings_payment; Type: TABLE; Schema: public; Owner: thachu
--

CREATE TABLE public.bookings_payment (
    id bigint NOT NULL,
    created_at timestamp with time zone NOT NULL,
    updated_at timestamp with time zone NOT NULL,
    amount numeric(10,2) NOT NULL,
    payment_method character varying(24) NOT NULL,
    payment_status character varying(24) NOT NULL,
    transaction_id character varying(100),
    session_id character varying(200),
    payment_date timestamp with time zone NOT NULL,
    notes text,
    booking_id bigint NOT NULL
);


ALTER TABLE public.bookings_payment OWNER TO thachu;

--
-- Name: bookings_payment_id_seq; Type: SEQUENCE; Schema: public; Owner: thachu
--

ALTER TABLE public.bookings_payment ALTER COLUMN id ADD GENERATED BY DEFAULT AS IDENTITY (
    SEQUENCE NAME public.bookings_payment_id_seq
    START WITH 1
    INCREMENT BY 1
    NO MINVALUE
    NO MAXVALUE
    CACHE 1
);


--
-- Name: cart_cart; Type: TABLE; Schema: public; Owner: thachu
--

CREATE TABLE public.cart_cart (
    created_at timestamp with time zone NOT NULL,
    updated_at timestamp with time zone NOT NULL,
    id bigint NOT NULL,
    is_active boolean NOT NULL,
    is_deleted boolean NOT NULL,
    session_id character varying(100),
    status character varying(24) NOT NULL,
    subtotal numeric(10,2) NOT NULL,
    tax numeric(10,2) NOT NULL,
    total_amount numeric(10,2) NOT NULL,
    expires_at timestamp with time zone,
    last_activity timestamp with time zone NOT NULL,
    user_id bigint NOT NULL
);


ALTER TABLE public.cart_cart OWNER TO thachu;

--
-- Name: cart_cart_id_seq; Type: SEQUENCE; Schema: public; Owner: thachu
--

ALTER TABLE public.cart_cart ALTER COLUMN id ADD GENERATED BY DEFAULT AS IDENTITY (
    SEQUENCE NAME public.cart_cart_id_seq
    START WITH 1
    INCREMENT BY 1
    NO MINVALUE
    NO MAXVALUE
    CACHE 1
);


--
-- Name: cart_cartitem; Type: TABLE; Schema: public; Owner: thachu
--

CREATE TABLE public.cart_cartitem (
    created_at timestamp with time zone NOT NULL,
    updated_at timestamp with time zone NOT NULL,
    id bigint NOT NULL,
    is_active boolean NOT NULL,
    is_deleted boolean NOT NULL,
    quantity integer NOT NULL,
    unit_price numeric(10,2) NOT NULL,
    total_price numeric(10,2) NOT NULL,
    booking_date date,
    booking_time time without time zone,
    special_requests text,
    cart_id bigint NOT NULL,
    service_id bigint NOT NULL,
    CONSTRAINT cart_cartitem_quantity_check CHECK ((quantity >= 0))
);


ALTER TABLE public.cart_cartitem OWNER TO thachu;

--
-- Name: cart_cartitem_id_seq; Type: SEQUENCE; Schema: public; Owner: thachu
--

ALTER TABLE public.cart_cartitem ALTER COLUMN id ADD GENERATED BY DEFAULT AS IDENTITY (
    SEQUENCE NAME public.cart_cartitem_id_seq
    START WITH 1
    INCREMENT BY 1
    NO MINVALUE
    NO MAXVALUE
    CACHE 1
);


--
-- Name: cart_orderdetail; Type: TABLE; Schema: public; Owner: thachu
--

CREATE TABLE public.cart_orderdetail (
    id bigint NOT NULL,
    created_at timestamp with time zone NOT NULL,
    updated_at timestamp with time zone NOT NULL,
    order_number character varying(50) NOT NULL,
    customer_name character varying(200) NOT NULL,
    customer_email character varying(254) NOT NULL,
    customer_phone character varying(20) NOT NULL,
    status character varying(24) NOT NULL,
    payment_status character varying(24) NOT NULL,
    subtotal numeric(10,2) NOT NULL,
    tax numeric(10,2) NOT NULL,
    total_amount numeric(10,2) NOT NULL,
    order_date timestamp with time zone NOT NULL,
    checkout_date timestamp with time zone NOT NULL,
    fulfillment_date timestamp with time zone,
    special_instructions text,
    admin_notes text,
    cart_id bigint,
    user_id bigint NOT NULL
);


ALTER TABLE public.cart_orderdetail OWNER TO thachu;

--
-- Name: cart_orderdetail_id_seq; Type: SEQUENCE; Schema: public; Owner: thachu
--

ALTER TABLE public.cart_orderdetail ALTER COLUMN id ADD GENERATED BY DEFAULT AS IDENTITY (
    SEQUENCE NAME public.cart_orderdetail_id_seq
    START WITH 1
    INCREMENT BY 1
    NO MINVALUE
    NO MAXVALUE
    CACHE 1
);


--
-- Name: cart_orderitem; Type: TABLE; Schema: public; Owner: thachu
--

CREATE TABLE public.cart_orderitem (
    id bigint NOT NULL,
    created_at timestamp with time zone NOT NULL,
    updated_at timestamp with time zone NOT NULL,
    quantity integer NOT NULL,
    unit_price numeric(10,2) NOT NULL,
    total_price numeric(10,2) NOT NULL,
    status character varying(20) NOT NULL,
    order_id bigint NOT NULL,
    service_id bigint NOT NULL,
    CONSTRAINT cart_orderitem_quantity_check CHECK ((quantity >= 0))
);


ALTER TABLE public.cart_orderitem OWNER TO thachu;

--
-- Name: cart_orderitem_id_seq; Type: SEQUENCE; Schema: public; Owner: thachu
--

ALTER TABLE public.cart_orderitem ALTER COLUMN id ADD GENERATED BY DEFAULT AS IDENTITY (
    SEQUENCE NAME public.cart_orderitem_id_seq
    START WITH 1
    INCREMENT BY 1
    NO MINVALUE
    NO MAXVALUE
    CACHE 1
);


--
-- Name: contacts_contactmessage; Type: TABLE; Schema: public; Owner: thachu
--

CREATE TABLE public.contacts_contactmessage (
    id bigint NOT NULL,
    created_at timestamp with time zone NOT NULL,
    updated_at timestamp with time zone NOT NULL,
    first_name character varying(100) NOT NULL,
    last_name character varying(100) NOT NULL,
    email character varying(254) NOT NULL,
    phone character varying(15) NOT NULL,
    subject character varying(200) NOT NULL,
    preferred_dates character varying(512),
    number_of_guests integer,
    message text NOT NULL
);


ALTER TABLE public.contacts_contactmessage OWNER TO thachu;

--
-- Name: contacts_contactmessage_id_seq; Type: SEQUENCE; Schema: public; Owner: thachu
--

ALTER TABLE public.contacts_contactmessage ALTER COLUMN id ADD GENERATED BY DEFAULT AS IDENTITY (
    SEQUENCE NAME public.contacts_contactmessage_id_seq
    START WITH 1
    INCREMENT BY 1
    NO MINVALUE
    NO MAXVALUE
    CACHE 1
);


--
-- Name: django_admin_log; Type: TABLE; Schema: public; Owner: thachu
--

CREATE TABLE public.django_admin_log (
    id integer NOT NULL,
    action_time timestamp with time zone NOT NULL,
    object_id text,
    object_repr character varying(200) NOT NULL,
    action_flag smallint NOT NULL,
    change_message text NOT NULL,
    content_type_id integer,
    user_id bigint NOT NULL,
    CONSTRAINT django_admin_log_action_flag_check CHECK ((action_flag >= 0))
);


ALTER TABLE public.django_admin_log OWNER TO thachu;

--
-- Name: django_admin_log_id_seq; Type: SEQUENCE; Schema: public; Owner: thachu
--

ALTER TABLE public.django_admin_log ALTER COLUMN id ADD GENERATED BY DEFAULT AS IDENTITY (
    SEQUENCE NAME public.django_admin_log_id_seq
    START WITH 1
    INCREMENT BY 1
    NO MINVALUE
    NO MAXVALUE
    CACHE 1
);


--
-- Name: django_content_type; Type: TABLE; Schema: public; Owner: thachu
--

CREATE TABLE public.django_content_type (
    id integer NOT NULL,
    app_label character varying(100) NOT NULL,
    model character varying(100) NOT NULL
);


ALTER TABLE public.django_content_type OWNER TO thachu;

--
-- Name: django_content_type_id_seq; Type: SEQUENCE; Schema: public; Owner: thachu
--

ALTER TABLE public.django_content_type ALTER COLUMN id ADD GENERATED BY DEFAULT AS IDENTITY (
    SEQUENCE NAME public.django_content_type_id_seq
    START WITH 1
    INCREMENT BY 1
    NO MINVALUE
    NO MAXVALUE
    CACHE 1
);


--
-- Name: django_migrations; Type: TABLE; Schema: public; Owner: thachu
--

CREATE TABLE public.django_migrations (
    id bigint NOT NULL,
    app character varying(255) NOT NULL,
    name character varying(255) NOT NULL,
    applied timestamp with time zone NOT NULL
);


ALTER TABLE public.django_migrations OWNER TO thachu;

--
-- Name: django_migrations_id_seq; Type: SEQUENCE; Schema: public; Owner: thachu
--

ALTER TABLE public.django_migrations ALTER COLUMN id ADD GENERATED BY DEFAULT AS IDENTITY (
    SEQUENCE NAME public.django_migrations_id_seq
    START WITH 1
    INCREMENT BY 1
    NO MINVALUE
    NO MAXVALUE
    CACHE 1
);


--
-- Name: django_session; Type: TABLE; Schema: public; Owner: thachu
--

CREATE TABLE public.django_session (
    session_key character varying(40) NOT NULL,
    session_data text NOT NULL,
    expire_date timestamp with time zone NOT NULL
);


ALTER TABLE public.django_session OWNER TO thachu;

--
-- Name: service_advertisement; Type: TABLE; Schema: public; Owner: thachu
--

CREATE TABLE public.service_advertisement (
    created_at timestamp with time zone NOT NULL,
    updated_at timestamp with time zone NOT NULL,
    id bigint NOT NULL,
    is_active boolean NOT NULL,
    is_deleted boolean NOT NULL,
    title character varying(256) NOT NULL,
    file character varying(256),
    link character varying(200)
);


ALTER TABLE public.service_advertisement OWNER TO thachu;

--
-- Name: service_advertisement_id_seq; Type: SEQUENCE; Schema: public; Owner: thachu
--

ALTER TABLE public.service_advertisement ALTER COLUMN id ADD GENERATED BY DEFAULT AS IDENTITY (
    SEQUENCE NAME public.service_advertisement_id_seq
    START WITH 1
    INCREMENT BY 1
    NO MINVALUE
    NO MAXVALUE
    CACHE 1
);


--
-- Name: service_comment; Type: TABLE; Schema: public; Owner: thachu
--

CREATE TABLE public.service_comment (
    created_at timestamp with time zone NOT NULL,
    updated_at timestamp with time zone NOT NULL,
    id bigint NOT NULL,
    is_active boolean NOT NULL,
    is_deleted boolean NOT NULL,
    rating smallint NOT NULL,
    message character varying(256) NOT NULL,
    object_id integer NOT NULL,
    author_id bigint NOT NULL,
    content_type_id integer NOT NULL,
    CONSTRAINT service_comment_object_id_check CHECK ((object_id >= 0)),
    CONSTRAINT service_comment_rating_check CHECK ((rating >= 0))
);


ALTER TABLE public.service_comment OWNER TO thachu;

--
-- Name: service_comment_id_seq; Type: SEQUENCE; Schema: public; Owner: thachu
--

ALTER TABLE public.service_comment ALTER COLUMN id ADD GENERATED BY DEFAULT AS IDENTITY (
    SEQUENCE NAME public.service_comment_id_seq
    START WITH 1
    INCREMENT BY 1
    NO MINVALUE
    NO MAXVALUE
    CACHE 1
);


--
-- Name: service_file; Type: TABLE; Schema: public; Owner: thachu
--

CREATE TABLE public.service_file (
    id bigint NOT NULL,
    images character varying(256) NOT NULL,
    service_id bigint NOT NULL
);


ALTER TABLE public.service_file OWNER TO thachu;

--
-- Name: service_file_id_seq; Type: SEQUENCE; Schema: public; Owner: thachu
--

ALTER TABLE public.service_file ALTER COLUMN id ADD GENERATED BY DEFAULT AS IDENTITY (
    SEQUENCE NAME public.service_file_id_seq
    START WITH 1
    INCREMENT BY 1
    NO MINVALUE
    NO MAXVALUE
    CACHE 1
);


--
-- Name: service_service; Type: TABLE; Schema: public; Owner: thachu
--

CREATE TABLE public.service_service (
    created_at timestamp with time zone NOT NULL,
    updated_at timestamp with time zone NOT NULL,
    id bigint NOT NULL,
    is_active boolean NOT NULL,
    is_deleted boolean NOT NULL,
    name character varying(40) NOT NULL,
    slug character varying(50) NOT NULL,
    synopsis text,
    description text,
    price numeric(10,2) NOT NULL,
    unit character varying(256) NOT NULL,
    "time" integer NOT NULL,
    max_people integer NOT NULL,
    min_people integer NOT NULL,
    location character varying(256) NOT NULL,
    policy text,
    create_time timestamp with time zone NOT NULL
);


ALTER TABLE public.service_service OWNER TO thachu;

--
-- Name: service_service_id_seq; Type: SEQUENCE; Schema: public; Owner: thachu
--

ALTER TABLE public.service_service ALTER COLUMN id ADD GENERATED BY DEFAULT AS IDENTITY (
    SEQUENCE NAME public.service_service_id_seq
    START WITH 1
    INCREMENT BY 1
    NO MINVALUE
    NO MAXVALUE
    CACHE 1
);


--
-- Data for Name: auth_group; Type: TABLE DATA; Schema: public; Owner: thachu
--

COPY public.auth_group (id, name) FROM stdin;
\.


--
-- Data for Name: auth_group_permissions; Type: TABLE DATA; Schema: public; Owner: thachu
--

COPY public.auth_group_permissions (id, group_id, permission_id) FROM stdin;
\.


--
-- Data for Name: auth_permission; Type: TABLE DATA; Schema: public; Owner: thachu
--

COPY public.auth_permission (id, name, content_type_id, codename) FROM stdin;
1	Can add log entry	1	add_logentry
2	Can change log entry	1	change_logentry
3	Can delete log entry	1	delete_logentry
4	Can view log entry	1	view_logentry
5	Can add permission	2	add_permission
6	Can change permission	2	change_permission
7	Can delete permission	2	delete_permission
8	Can view permission	2	view_permission
9	Can add group	3	add_group
10	Can change group	3	change_group
11	Can delete group	3	delete_group
12	Can view group	3	view_group
13	Can add content type	4	add_contenttype
14	Can change content type	4	change_contenttype
15	Can delete content type	4	delete_contenttype
16	Can view content type	4	view_contenttype
17	Can add session	5	add_session
18	Can change session	5	change_session
19	Can delete session	5	delete_session
20	Can view session	5	view_session
21	Can add user	6	add_user
22	Can change user	6	change_user
23	Can delete user	6	delete_user
24	Can view user	6	view_user
25	Can add advertisement	7	add_advertisement
26	Can change advertisement	7	change_advertisement
27	Can delete advertisement	7	delete_advertisement
28	Can view advertisement	7	view_advertisement
29	Can add service	8	add_service
30	Can change service	8	change_service
31	Can delete service	8	delete_service
32	Can view service	8	view_service
33	Can add file	9	add_file
34	Can change file	9	change_file
35	Can delete file	9	delete_file
36	Can view file	9	view_file
37	Can add comment	10	add_comment
38	Can change comment	10	change_comment
39	Can delete comment	10	delete_comment
40	Can view comment	10	view_comment
41	Can add contact message	11	add_contactmessage
42	Can change contact message	11	change_contactmessage
43	Can delete contact message	11	delete_contactmessage
44	Can view contact message	11	view_contactmessage
45	Can add booking	12	add_booking
46	Can change booking	12	change_booking
47	Can delete booking	12	delete_booking
48	Can view booking	12	view_booking
49	Can add payment	13	add_payment
50	Can change payment	13	change_payment
51	Can delete payment	13	delete_payment
52	Can view payment	13	view_payment
53	Can add cart	14	add_cart
54	Can change cart	14	change_cart
55	Can delete cart	14	delete_cart
56	Can view cart	14	view_cart
57	Can add cart item	15	add_cartitem
58	Can change cart item	15	change_cartitem
59	Can delete cart item	15	delete_cartitem
60	Can view cart item	15	view_cartitem
61	Can add order detail	16	add_orderdetail
62	Can change order detail	16	change_orderdetail
63	Can delete order detail	16	delete_orderdetail
64	Can view order detail	16	view_orderdetail
65	Can add order item	17	add_orderitem
66	Can change order item	17	change_orderitem
67	Can delete order item	17	delete_orderitem
68	Can view order item	17	view_orderitem
\.


--
-- Data for Name: authentication_user; Type: TABLE DATA; Schema: public; Owner: thachu
--

COPY public.authentication_user (id, password, last_login, is_superuser, username, full_name, email, phone, gender, avatar, is_active, is_staff, reset_token) FROM stdin;
1	pbkdf2_sha256$600000$it6sTS9tJE4bvFOxregQG8$8YBtzIANzLOBsT2WJ2Mj3yDqXrciuvM7AnSwBmCv9mk=	2025-10-30 07:03:20.789966+00	t	thachu	Thamjid Mannarayil	thachuthamjid@gmail.com	0527627117	M	Media.jpg	t	t	\N
2	pbkdf2_sha256$600000$OojR2GiapTcpvkloWY53tB$3ZoPY3jMmgX+wTVS7GrD48W1MACjxfe+UbHuhIVBvKQ=	\N	f	thamjid	Thamjid Aqary	thamjid@aqaryint.com	+971527627117	M	1744382235076_HJunaZ3.jpg	t	f	\N
\.


--
-- Data for Name: authentication_user_groups; Type: TABLE DATA; Schema: public; Owner: thachu
--

COPY public.authentication_user_groups (id, user_id, group_id) FROM stdin;
\.


--
-- Data for Name: authentication_user_user_permissions; Type: TABLE DATA; Schema: public; Owner: thachu
--

COPY public.authentication_user_user_permissions (id, user_id, permission_id) FROM stdin;
\.


--
-- Data for Name: bookings_booking; Type: TABLE DATA; Schema: public; Owner: thachu
--

COPY public.bookings_booking (created_at, updated_at, id, is_active, is_deleted, booking_number, booking_date, booking_time, number_of_guests, status, payment_status, subtotal, tax, total_amount, special_requests, admin_notes, order_id, user_id) FROM stdin;
\.


--
-- Data for Name: bookings_payment; Type: TABLE DATA; Schema: public; Owner: thachu
--

COPY public.bookings_payment (id, created_at, updated_at, amount, payment_method, payment_status, transaction_id, session_id, payment_date, notes, booking_id) FROM stdin;
\.


--
-- Data for Name: cart_cart; Type: TABLE DATA; Schema: public; Owner: thachu
--

COPY public.cart_cart (created_at, updated_at, id, is_active, is_deleted, session_id, status, subtotal, tax, total_amount, expires_at, last_activity, user_id) FROM stdin;
\.


--
-- Data for Name: cart_cartitem; Type: TABLE DATA; Schema: public; Owner: thachu
--

COPY public.cart_cartitem (created_at, updated_at, id, is_active, is_deleted, quantity, unit_price, total_price, booking_date, booking_time, special_requests, cart_id, service_id) FROM stdin;
\.


--
-- Data for Name: cart_orderdetail; Type: TABLE DATA; Schema: public; Owner: thachu
--

COPY public.cart_orderdetail (id, created_at, updated_at, order_number, customer_name, customer_email, customer_phone, status, payment_status, subtotal, tax, total_amount, order_date, checkout_date, fulfillment_date, special_instructions, admin_notes, cart_id, user_id) FROM stdin;
\.


--
-- Data for Name: cart_orderitem; Type: TABLE DATA; Schema: public; Owner: thachu
--

COPY public.cart_orderitem (id, created_at, updated_at, quantity, unit_price, total_price, status, order_id, service_id) FROM stdin;
\.


--
-- Data for Name: contacts_contactmessage; Type: TABLE DATA; Schema: public; Owner: thachu
--

COPY public.contacts_contactmessage (id, created_at, updated_at, first_name, last_name, email, phone, subject, preferred_dates, number_of_guests, message) FROM stdin;
\.


--
-- Data for Name: django_admin_log; Type: TABLE DATA; Schema: public; Owner: thachu
--

COPY public.django_admin_log (id, action_time, object_id, object_repr, action_flag, change_message, content_type_id, user_id) FROM stdin;
1	2025-10-30 07:30:23.415585+00	1	Luxury Accommodation	1	[{"added": {}}]	8	1
2	2025-10-30 07:35:47.887078+00	1	Concierge & Guest Services	2	[{"changed": {"fields": ["Name", "Synopsis", "Description"]}}, {"added": {"name": "file", "object": "Concierge & Guest Services - service_images/In_the_hospitality_industry_personalization_has.jpg"}}, {"added": {"name": "file", "object": "Concierge & Guest Services - service_images/Heres_the_list_of_amazing_benefits_of_our.jpg"}}]	8	1
3	2025-10-30 07:41:09.646969+00	2	Spa & Wellness Facilities	1	[{"added": {}}, {"added": {"name": "file", "object": "Spa & Wellness Facilities - service_images/Spa__Wellness_Facilities_1.jpg"}}, {"added": {"name": "file", "object": "Spa & Wellness Facilities - service_images/Spa__Wellness_Facilities_2.jpg"}}, {"added": {"name": "file", "object": "Spa & Wellness Facilities - service_images/Spa__Wellness_Facilities_3.jpg"}}]	8	1
4	2025-10-30 07:44:23.475743+00	3	Dining & Culinary Experiences	1	[{"added": {}}, {"added": {"name": "file", "object": "Dining & Culinary Experiences - service_images/Dining__Culinary_Experiences_1.jpg"}}, {"added": {"name": "file", "object": "Dining & Culinary Experiences - service_images/Dining__Culinary_Experiences_2.jpg"}}, {"added": {"name": "file", "object": "Dining & Culinary Experiences - service_images/Dining__Culinary_Experiences_3.jpg"}}]	8	1
5	2025-10-30 07:48:16.499177+00	4	Recreational Activities & Leisure Facili	1	[{"added": {}}, {"added": {"name": "file", "object": "Recreational Activities & Leisure Facili - service_images/Recreational_Activities__Leisure_Facilities_1.jpg"}}, {"added": {"name": "file", "object": "Recreational Activities & Leisure Facili - service_images/Recreational_Activities__Leisure_Facilities_2.jpg"}}, {"added": {"name": "file", "object": "Recreational Activities & Leisure Facili - service_images/Recreational_Activities__Leisure_Facilities_3.jpg"}}]	8	1
6	2025-10-30 07:51:20.929437+00	5	Private Transfers & Transportation Servi	1	[{"added": {}}, {"added": {"name": "file", "object": "Private Transfers & Transportation Servi - service_images/Private_Transfers__Transportation_Services_2.jpg"}}, {"added": {"name": "file", "object": "Private Transfers & Transportation Servi - service_images/Private_Transfers__Transportation_Services_3.jpg"}}, {"added": {"name": "file", "object": "Private Transfers & Transportation Servi - service_images/Private_Transfers__Transportation_Services_1.jpg"}}]	8	1
7	2025-10-30 07:53:50.661429+00	6	Event & Wedding Planning	1	[{"added": {}}, {"added": {"name": "file", "object": "Event & Wedding Planning - service_images/Event__Wedding_Planning_1.jpg"}}, {"added": {"name": "file", "object": "Event & Wedding Planning - service_images/Event__Wedding_Planning_2.jpg"}}, {"added": {"name": "file", "object": "Event & Wedding Planning - service_images/Event__Wedding_Planning_3.jpg"}}]	8	1
8	2025-10-30 07:56:17.691109+00	7	Housekeeping, Laundry & In-Room Services	1	[{"added": {}}, {"added": {"name": "file", "object": "Housekeeping, Laundry & In-Room Services - service_images/Housekeeping_Laundry__In-Room_ServicesHousekeeping_Laundry__In-Room_Services_1.jpg"}}, {"added": {"name": "file", "object": "Housekeeping, Laundry & In-Room Services - service_images/Housekeeping_Laundry__In-Room_Services_2.jpg"}}, {"added": {"name": "file", "object": "Housekeeping, Laundry & In-Room Services - service_images/Housekeeping_Laundry__In-Room_Services_3.jpg"}}]	8	1
9	2025-10-30 07:59:03.091869+00	8	Excursions, Tours & Adventure Experience	1	[{"added": {}}, {"added": {"name": "file", "object": "Excursions, Tours & Adventure Experience - service_images/Excursions_Tours__Adventure_ExperiencesExcursions_Tours__Adventure_Experiences_1.jpg"}}, {"added": {"name": "file", "object": "Excursions, Tours & Adventure Experience - service_images/Excursions_Tours__Adventure_Experiences_2.jpg"}}, {"added": {"name": "file", "object": "Excursions, Tours & Adventure Experience - service_images/Excursions_Tours__Adventure_Experiences_3.jpg"}}]	8	1
10	2025-10-30 08:01:05.507792+00	1	thachuthamjid@gmail.com	2	[{"changed": {"fields": ["Avatar", "Username", "Phone"]}}]	6	1
11	2025-10-30 08:01:11.03426+00	2	thamjid@aqaryint.com	2	[{"changed": {"fields": ["Gender"]}}]	6	1
\.


--
-- Data for Name: django_content_type; Type: TABLE DATA; Schema: public; Owner: thachu
--

COPY public.django_content_type (id, app_label, model) FROM stdin;
1	admin	logentry
2	auth	permission
3	auth	group
4	contenttypes	contenttype
5	sessions	session
6	authentication	user
7	service	advertisement
8	service	service
9	service	file
10	service	comment
11	contacts	contactmessage
12	bookings	booking
13	bookings	payment
14	cart	cart
15	cart	cartitem
16	cart	orderdetail
17	cart	orderitem
\.


--
-- Data for Name: django_migrations; Type: TABLE DATA; Schema: public; Owner: thachu
--

COPY public.django_migrations (id, app, name, applied) FROM stdin;
1	contenttypes	0001_initial	2025-10-30 06:55:18.130899+00
2	contenttypes	0002_remove_content_type_name	2025-10-30 06:55:18.136115+00
3	auth	0001_initial	2025-10-30 06:55:18.196103+00
4	auth	0002_alter_permission_name_max_length	2025-10-30 06:55:18.1997+00
5	auth	0003_alter_user_email_max_length	2025-10-30 06:55:18.203508+00
6	auth	0004_alter_user_username_opts	2025-10-30 06:55:18.207488+00
7	auth	0005_alter_user_last_login_null	2025-10-30 06:55:18.211658+00
8	auth	0006_require_contenttypes_0002	2025-10-30 06:55:18.213881+00
9	auth	0007_alter_validators_add_error_messages	2025-10-30 06:55:18.217438+00
10	auth	0008_alter_user_username_max_length	2025-10-30 06:55:18.221562+00
11	auth	0009_alter_user_last_name_max_length	2025-10-30 06:55:18.225542+00
12	auth	0010_alter_group_name_max_length	2025-10-30 06:55:18.229659+00
13	auth	0011_update_proxy_permissions	2025-10-30 06:55:18.233213+00
14	auth	0012_alter_user_first_name_max_length	2025-10-30 06:55:18.237621+00
15	authentication	0001_initial	2025-10-30 06:55:18.302227+00
16	admin	0001_initial	2025-10-30 06:55:18.330185+00
17	admin	0002_logentry_remove_auto_add	2025-10-30 06:55:18.33432+00
18	admin	0003_logentry_add_action_flag_choices	2025-10-30 06:55:18.338456+00
19	cart	0001_initial	2025-10-30 06:55:18.388332+00
20	bookings	0001_initial	2025-10-30 06:55:18.424538+00
21	bookings	0002_initial	2025-10-30 06:55:18.49027+00
22	service	0001_initial	2025-10-30 06:55:18.554992+00
23	cart	0002_initial	2025-10-30 06:55:18.690662+00
24	contacts	0001_initial	2025-10-30 06:55:18.702765+00
25	sessions	0001_initial	2025-10-30 06:55:18.726689+00
26	service	0002_alter_service_slug	2025-10-30 07:18:40.437219+00
\.


--
-- Data for Name: django_session; Type: TABLE DATA; Schema: public; Owner: thachu
--

COPY public.django_session (session_key, session_data, expire_date) FROM stdin;
ryq8833mgo4tnatpj900yccjm61ii1yx	.eJxVjDsOwyAQBe9CHSHAXj4p0_sMaBdWwUkEkrGrKHePLblI2jcz7y0ibmuJW-clzllchRaX340wPbkeID-w3ptMra7LTPJQ5Em7nFrm1-10_w4K9rLXgxoMofMeDFlFJiQOFpAZQDlDTDYPOgGP1vscXFJBoQPjkMewK1p8vs2hNxc:1vEMgq:5eSxcYMfCtcEfTPUMkr9QUQ9ncTQs-53FCZRp9LPtvQ	2025-11-13 07:03:20.792419+00
\.


--
-- Data for Name: service_advertisement; Type: TABLE DATA; Schema: public; Owner: thachu
--

COPY public.service_advertisement (created_at, updated_at, id, is_active, is_deleted, title, file, link) FROM stdin;
\.


--
-- Data for Name: service_comment; Type: TABLE DATA; Schema: public; Owner: thachu
--

COPY public.service_comment (created_at, updated_at, id, is_active, is_deleted, rating, message, object_id, author_id, content_type_id) FROM stdin;
\.


--
-- Data for Name: service_file; Type: TABLE DATA; Schema: public; Owner: thachu
--

COPY public.service_file (id, images, service_id) FROM stdin;
1	service_images/In_the_hospitality_industry_personalization_has.jpg	1
2	service_images/Heres_the_list_of_amazing_benefits_of_our.jpg	1
3	service_images/Spa__Wellness_Facilities_1.jpg	2
4	service_images/Spa__Wellness_Facilities_2.jpg	2
5	service_images/Spa__Wellness_Facilities_3.jpg	2
6	service_images/Dining__Culinary_Experiences_1.jpg	3
7	service_images/Dining__Culinary_Experiences_2.jpg	3
8	service_images/Dining__Culinary_Experiences_3.jpg	3
9	service_images/Recreational_Activities__Leisure_Facilities_1.jpg	4
10	service_images/Recreational_Activities__Leisure_Facilities_2.jpg	4
11	service_images/Recreational_Activities__Leisure_Facilities_3.jpg	4
12	service_images/Private_Transfers__Transportation_Services_2.jpg	5
13	service_images/Private_Transfers__Transportation_Services_3.jpg	5
14	service_images/Private_Transfers__Transportation_Services_1.jpg	5
15	service_images/Event__Wedding_Planning_1.jpg	6
16	service_images/Event__Wedding_Planning_2.jpg	6
17	service_images/Event__Wedding_Planning_3.jpg	6
18	service_images/Housekeeping_Laundry__In-Room_ServicesHousekeeping_Laundry__In-Room_Services_1.jpg	7
19	service_images/Housekeeping_Laundry__In-Room_Services_2.jpg	7
20	service_images/Housekeeping_Laundry__In-Room_Services_3.jpg	7
21	service_images/Excursions_Tours__Adventure_ExperiencesExcursions_Tours__Adventure_Experiences_1.jpg	8
22	service_images/Excursions_Tours__Adventure_Experiences_2.jpg	8
23	service_images/Excursions_Tours__Adventure_Experiences_3.jpg	8
\.


--
-- Data for Name: service_service; Type: TABLE DATA; Schema: public; Owner: thachu
--

COPY public.service_service (created_at, updated_at, id, is_active, is_deleted, name, slug, synopsis, description, price, unit, "time", max_people, min_people, location, policy, create_time) FROM stdin;
2025-10-30 07:30:23.414158+00	2025-10-30 07:35:47.727296+00	1	t	f	Concierge & Guest Services	concierge-guest-services	The resort’s concierge team acts as the central point for guest assistance — from restaurant reservations and transportation bookings to curated tours and special requests. Their role is to ensure a seamless, personalized and memorable stay.	<p>The concierge desk remains open around the clock, ready to fulfil any request a guest may have. Whether it&rsquo;s arranging a luxury yacht for a sunset cruise, organising a helicopter transfer, or sourcing a particular item for a special occasion, this service is designed to anticipate and respond to guest needs promptly. Staff are trained in high-touch hospitality etiquette, local knowledge and luxury service standards.<br />\r\nAdditionally, the guest services team often handles check-in and check-out logistics, luggage assistance, multilingual support and in-resort information. They may also serve as personal assistants for more discerning travellers: planning itineraries, suggesting hidden gems in the UAE, coordinating spa treatments, or facilitating children&rsquo;s activities. Their objective is to remove friction and elevate the entire guest experience.</p>	199.99	Night	11	3	2	Abu Dhabi	<blockquote>\r\n<p>&ldquo;Looking FOR PUBLIC transportation to VISIT THE beautiful abu dhabi city&rdquo;</p>\r\n</blockquote>\r\n\r\n<p>Abu Dhabi offers a comprehensive public transport system that makes it easy to explore the emirate. Whether&nbsp;you&rsquo;re&nbsp;a resident or a visitor,&nbsp;Abu Dhabi public transportation&nbsp;is a reliable and affordable way to navigate the city. In this guide,&nbsp;we&rsquo;ll&nbsp;walk you through the main modes of public transport, tips for commuting, and how to make the most of your journey&nbsp;using&nbsp;Abu Dhabi&nbsp;Public Transportation</p>\r\n\r\n<h3><strong>Buses in Abu Dhabi</strong></h3>\r\n\r\n<p>One of Abu Dhabi Public Transportation is public bus system; it&nbsp;is the backbone of its transportation network.&nbsp;Operated by the Abu Dhabi Roads and Transport Authority (RTA), the buses connect key areas within the emirate and also provide intercity routes to other Emirates like Dubai and Sharjah.&nbsp;</p>\r\n\r\n<h3><strong>Intercity Buses</strong></h3>\r\n\r\n<p>One of the key advantages of Abu Dhabi public transportation is the availability of intercity buses that link Abu Dhabi with neighboring Emirates:</p>\r\n\r\n<p><strong>Abu Dhabi to&nbsp;Dubai:</strong>&nbsp;Frequent buses run between Abu Dhabi main bus stop terminal to Ibn Battuta Bus stop, with travel times around 2 to 2:30 minutes.</p>\r\n\r\n<p><strong>Abu Dhabi to Sharjah:</strong>&nbsp;If&nbsp;you&rsquo;re&nbsp;heading to Sharjah, buses from Abu Dhabi main bus stop terminal&nbsp;operate&nbsp;regularly, making it easy to commute between the two Emirates.</p>\r\n\r\n<p><strong>Abu&nbsp;Dhabi to Al Ain:</strong>&nbsp;Abu Dhabi also offers bus services to Al Ain,&nbsp;providing a cost-effective option for long-distance travelers.</p>\r\n\r\n<h3><strong>Taxis in Abu Dhabi</strong></h3>\r\n\r\n<p>For those who prefer a quicker and more private&nbsp;option,&nbsp;and another&nbsp;option&nbsp;of Abu Dhabi Public Transportation is&nbsp;taxis. Taxis&nbsp;are a convenient way to get around.&nbsp;It&rsquo;s&nbsp;metered, and all vehicles are regulated by RTA, ensuring that fares are transparent and fair. While taxis are more expensive than buses, they offer the convenience of door-to-door service.</p>\r\n\r\n<p><strong>Fares:</strong>&nbsp;The starting fare for taxis in Sharjah is around AED 12, with rates increasing depending on the distance.</p>\r\n\r\n<p><strong>Ride-hailing&nbsp;Services:</strong>&nbsp;Popular apps like&nbsp;<strong>Yango and Careem</strong>&nbsp;are also available in Abu Dhabi, offering more flexibility for those who prefer to book rides online.</p>	2025-10-30 07:30:23.414193+00
2025-10-30 07:41:09.624544+00	2025-10-30 07:41:09.624553+00	2	t	f	Spa & Wellness Facilities	spa-wellness-facilities	A dedicated spa and wellness centre offers treatments, therapies, fitness classes and relaxation spaces to restore body, mind and soul. It complements the resort’s leisure offering and appeals to both wellness-focused and holiday-oriented guests.	<p>Within the resort you&rsquo;ll find a luxurious spa with treatment rooms, steam or hammam suites, saunas, and often private cabanas or outdoor treatment spaces. Therapists deliver services ranging from deep-tissue massages, facials and body scrubs to yoga, meditation sessions and holistic wellness programmes. In the UAE, these spas typically draw on both international techniques and Middle-Eastern or Asian influences, offering a bespoke and culturally rich experience.<br />\r\nThe wellness component may extend to a fully-equipped gym, personal training sessions, nutrition counselling, and group fitness classes. Outdoor elements like a serene relaxation pool or a beach yoga deck add to the ambiance. This service emphasises health, recovery and indulgence, making the resort a destination in itself for rejuvenation.</p>	99.99	Person	1	2	4	Abu Dhabi	<blockquote>\r\n<p>&ldquo;Looking FOR PUBLIC transportation to VISIT THE beautiful abu dhabi city&rdquo;</p>\r\n</blockquote>\r\n\r\n<p>Abu Dhabi offers a comprehensive public transport system that makes it easy to explore the emirate. Whether&nbsp;you&rsquo;re&nbsp;a resident or a visitor,&nbsp;Abu Dhabi public transportation&nbsp;is a reliable and affordable way to navigate the city. In this guide,&nbsp;we&rsquo;ll&nbsp;walk you through the main modes of public transport, tips for commuting, and how to make the most of your journey&nbsp;using&nbsp;Abu Dhabi&nbsp;Public Transportation</p>\r\n\r\n<h3><strong>Buses in Abu Dhabi</strong></h3>\r\n\r\n<p>One of Abu Dhabi Public Transportation is public bus system; it&nbsp;is the backbone of its transportation network.&nbsp;Operated by the Abu Dhabi Roads and Transport Authority (RTA), the buses connect key areas within the emirate and also provide intercity routes to other Emirates like Dubai and Sharjah.&nbsp;</p>\r\n\r\n<h3><strong>Intercity Buses</strong></h3>\r\n\r\n<p>One of the key advantages of Abu Dhabi public transportation is the availability of intercity buses that link Abu Dhabi with neighboring Emirates:</p>\r\n\r\n<p><strong>Abu Dhabi to&nbsp;Dubai:</strong>&nbsp;Frequent buses run between Abu Dhabi main bus stop terminal to Ibn Battuta Bus stop, with travel times around 2 to 2:30 minutes.</p>\r\n\r\n<p><strong>Abu Dhabi to Sharjah:</strong>&nbsp;If&nbsp;you&rsquo;re&nbsp;heading to Sharjah, buses from Abu Dhabi main bus stop terminal&nbsp;operate&nbsp;regularly, making it easy to commute between the two Emirates.</p>\r\n\r\n<p><strong>Abu&nbsp;Dhabi to Al Ain:</strong>&nbsp;Abu Dhabi also offers bus services to Al Ain,&nbsp;providing a cost-effective option for long-distance travelers.</p>\r\n\r\n<h3><strong>Taxis in Abu Dhabi</strong></h3>\r\n\r\n<p>For those who prefer a quicker and more private&nbsp;option,&nbsp;and another&nbsp;option&nbsp;of Abu Dhabi Public Transportation is&nbsp;taxis. Taxis&nbsp;are a convenient way to get around.&nbsp;It&rsquo;s&nbsp;metered, and all vehicles are regulated by RTA, ensuring that fares are transparent and fair. While taxis are more expensive than buses, they offer the convenience of door-to-door service.</p>\r\n\r\n<p><strong>Fares:</strong>&nbsp;The starting fare for taxis in Sharjah is around AED 12, with rates increasing depending on the distance.</p>\r\n\r\n<p><strong>Ride-hailing&nbsp;Services:</strong>&nbsp;Popular apps like&nbsp;<strong>Yango and Careem</strong>&nbsp;are also available in Abu Dhabi, offering more flexibility for those who prefer to book rides online.</p>	2025-10-30 07:41:09.624584+00
2025-10-30 07:44:23.441629+00	2025-10-30 07:44:23.441638+00	3	t	f	Dining & Culinary Experiences	dining-culinary-experiences	A variety of dining outlets,  from fine-dining restaurants and casual lounges to beach-side grills and room service, ensure guests enjoy curated culinary journeys without leaving the resort. The food and beverage experience is central to luxury resort stays in the UAE.	<p>Resorts often feature multiple restaurants with distinct themes: gourmet international cuisine, local Emirati flavours, seafood by the shore, or specialty dessert bars. Famous chefs may helm signature restaurants and the dining experience is elevated through d&eacute;cor, service and ambiance. The resort&rsquo;s gastronomy team handles everything from &agrave; la carte and buffet formats to themed nights and private dining setups.<br />\r\nIn-room dining and beach-bar snack services complement formal restaurants, providing flexibility for guests. Moreover, bespoke experiences like chef-led cooking classes, wine tastings or private dinners under the stars may be arranged. The aim is to delight the palate, surprise with innovation and maintain culinary excellence that matches the resort&rsquo;s premium positioning.</p>	50.00	Serve	1	2	10	Abu Dhabi	<blockquote>\r\n<p>&ldquo;Looking FOR PUBLIC transportation to VISIT THE beautiful abu dhabi city&rdquo;</p>\r\n</blockquote>\r\n\r\n<p>Abu Dhabi offers a comprehensive public transport system that makes it easy to explore the emirate. Whether&nbsp;you&rsquo;re&nbsp;a resident or a visitor,&nbsp;Abu Dhabi public transportation&nbsp;is a reliable and affordable way to navigate the city. In this guide,&nbsp;we&rsquo;ll&nbsp;walk you through the main modes of public transport, tips for commuting, and how to make the most of your journey&nbsp;using&nbsp;Abu Dhabi&nbsp;Public Transportation</p>\r\n\r\n<h3><strong>Buses in Abu Dhabi</strong></h3>\r\n\r\n<p>One of Abu Dhabi Public Transportation is public bus system; it&nbsp;is the backbone of its transportation network.&nbsp;Operated by the Abu Dhabi Roads and Transport Authority (RTA), the buses connect key areas within the emirate and also provide intercity routes to other Emirates like Dubai and Sharjah.&nbsp;</p>\r\n\r\n<h3><strong>Intercity Buses</strong></h3>\r\n\r\n<p>One of the key advantages of Abu Dhabi public transportation is the availability of intercity buses that link Abu Dhabi with neighboring Emirates:</p>\r\n\r\n<p><strong>Abu Dhabi to&nbsp;Dubai:</strong>&nbsp;Frequent buses run between Abu Dhabi main bus stop terminal to Ibn Battuta Bus stop, with travel times around 2 to 2:30 minutes.</p>\r\n\r\n<p><strong>Abu Dhabi to Sharjah:</strong>&nbsp;If&nbsp;you&rsquo;re&nbsp;heading to Sharjah, buses from Abu Dhabi main bus stop terminal&nbsp;operate&nbsp;regularly, making it easy to commute between the two Emirates.</p>\r\n\r\n<p><strong>Abu&nbsp;Dhabi to Al Ain:</strong>&nbsp;Abu Dhabi also offers bus services to Al Ain,&nbsp;providing a cost-effective option for long-distance travelers.</p>\r\n\r\n<h3><strong>Taxis in Abu Dhabi</strong></h3>\r\n\r\n<p>For those who prefer a quicker and more private&nbsp;option,&nbsp;and another&nbsp;option&nbsp;of Abu Dhabi Public Transportation is&nbsp;taxis. Taxis&nbsp;are a convenient way to get around.&nbsp;It&rsquo;s&nbsp;metered, and all vehicles are regulated by RTA, ensuring that fares are transparent and fair. While taxis are more expensive than buses, they offer the convenience of door-to-door service.</p>\r\n\r\n<p><strong>Fares:</strong>&nbsp;The starting fare for taxis in Sharjah is around AED 12, with rates increasing depending on the distance.</p>\r\n\r\n<p><strong>Ride-hailing&nbsp;Services:</strong>&nbsp;Popular apps like&nbsp;<strong>Yango and Careem</strong>&nbsp;are also available in Abu Dhabi, offering more flexibility for those who prefer to book rides online.</p>	2025-10-30 07:44:23.441656+00
2025-10-30 07:48:16.468382+00	2025-10-30 07:48:16.468391+00	4	t	f	Recreational Activities & Leisure Facili	recreational-activities-leisure-facili	From pristine beaches and infinity pools to kid’s clubs, water-sports, and fitness centres, resorts provide a broad palette of leisure options for families, couples and solo travellers alike. These amenities transform a stay into an experience.	<p>A resort in the UAE often boasts a beachfront setting or private island access, allowing guests to lounge on sunbeds, swim in the sea or engage in water-based recreation such as kayaking or stand-up paddle boarding. Pools range from family-friendly to adult-only sanctuaries, sometimes with swim-up bars or pool-side cabanas. The gym is modern, well-equipped, and may host group classes like tai-chi or boot-camp sessions.<br />\r\nFor families, a dedicated kids&rsquo; club provides supervised activities, arts and crafts, beach games and treasure hunts, enabling parents to relax with peace of mind. Meanwhile, adventure-seeking guests may access sports courts, guided nature walks, or desert excursions nearby. By offering diverse leisure options, the resort meets the desires of different guest segments and enhances overall stay satisfaction.</p>	99.99	Hour	3	5	20	Abu Dhabi	<blockquote>\r\n<p>&ldquo;Looking FOR PUBLIC transportation to VISIT THE beautiful abu dhabi city&rdquo;</p>\r\n</blockquote>\r\n\r\n<p>Abu Dhabi offers a comprehensive public transport system that makes it easy to explore the emirate. Whether&nbsp;you&rsquo;re&nbsp;a resident or a visitor,&nbsp;Abu Dhabi public transportation&nbsp;is a reliable and affordable way to navigate the city. In this guide,&nbsp;we&rsquo;ll&nbsp;walk you through the main modes of public transport, tips for commuting, and how to make the most of your journey&nbsp;using&nbsp;Abu Dhabi&nbsp;Public Transportation</p>\r\n\r\n<h3><strong>Buses in Abu Dhabi</strong></h3>\r\n\r\n<p>One of Abu Dhabi Public Transportation is public bus system; it&nbsp;is the backbone of its transportation network.&nbsp;Operated by the Abu Dhabi Roads and Transport Authority (RTA), the buses connect key areas within the emirate and also provide intercity routes to other Emirates like Dubai and Sharjah.&nbsp;</p>\r\n\r\n<h3><strong>Intercity Buses</strong></h3>\r\n\r\n<p>One of the key advantages of Abu Dhabi public transportation is the availability of intercity buses that link Abu Dhabi with neighboring Emirates:</p>\r\n\r\n<p><strong>Abu Dhabi to&nbsp;Dubai:</strong>&nbsp;Frequent buses run between Abu Dhabi main bus stop terminal to Ibn Battuta Bus stop, with travel times around 2 to 2:30 minutes.</p>\r\n\r\n<p><strong>Abu Dhabi to Sharjah:</strong>&nbsp;If&nbsp;you&rsquo;re&nbsp;heading to Sharjah, buses from Abu Dhabi main bus stop terminal&nbsp;operate&nbsp;regularly, making it easy to commute between the two Emirates.</p>\r\n\r\n<p><strong>Abu&nbsp;Dhabi to Al Ain:</strong>&nbsp;Abu Dhabi also offers bus services to Al Ain,&nbsp;providing a cost-effective option for long-distance travelers.</p>\r\n\r\n<h3><strong>Taxis in Abu Dhabi</strong></h3>\r\n\r\n<p>For those who prefer a quicker and more private&nbsp;option,&nbsp;and another&nbsp;option&nbsp;of Abu Dhabi Public Transportation is&nbsp;taxis. Taxis&nbsp;are a convenient way to get around.&nbsp;It&rsquo;s&nbsp;metered, and all vehicles are regulated by RTA, ensuring that fares are transparent and fair. While taxis are more expensive than buses, they offer the convenience of door-to-door service.</p>\r\n\r\n<p><strong>Fares:</strong>&nbsp;The starting fare for taxis in Sharjah is around AED 12, with rates increasing depending on the distance.</p>\r\n\r\n<p><strong>Ride-hailing&nbsp;Services:</strong>&nbsp;Popular apps like&nbsp;<strong>Yango and Careem</strong>&nbsp;are also available in Abu Dhabi, offering more flexibility for those who prefer to book rides online.</p>	2025-10-30 07:48:16.468412+00
2025-10-30 07:51:20.903068+00	2025-10-30 07:51:20.903077+00	5	t	f	Private Transfers & Transportation Servi	private-transfers-transportation-servi	Resort guests expect seamless arrival and departure, so luxury private transfers, chauffeur services and airport-pick-ups form an essential part of the hospitality offering. This service ensures comfort, punctuality and smooth logistics.	<p>The resort coordinates premium ground transport for its guests: from airport limousine pick-ups, luxury vehicle transfers to the resort, or even seaplane or boat transfers when relevant (e.g., island resorts). Drivers and hosts are professionally trained, often meeting guests at arrival with a personalised welcome, helping with luggage and briefing about the stay.<br />\r\nWithin the resort&rsquo;s locale, shuttle services, excursions and local sightseeing transport are managed by the guest services or concierge team. For guests who prefer independence, the resort may offer car or yacht rentals directly or via partners. The transportation service underscores the resort&rsquo;s commitment to forge a luxurious, effortless travel experience from door to door.</p>	0.00	Booking	1	2	6	Abu Dhabi	<blockquote>\r\n<p>&ldquo;Looking FOR PUBLIC transportation to VISIT THE beautiful abu dhabi city&rdquo;</p>\r\n</blockquote>\r\n\r\n<p>Abu Dhabi offers a comprehensive public transport system that makes it easy to explore the emirate. Whether&nbsp;you&rsquo;re&nbsp;a resident or a visitor,&nbsp;Abu Dhabi public transportation&nbsp;is a reliable and affordable way to navigate the city. In this guide,&nbsp;we&rsquo;ll&nbsp;walk you through the main modes of public transport, tips for commuting, and how to make the most of your journey&nbsp;using&nbsp;Abu Dhabi&nbsp;Public Transportation</p>\r\n\r\n<h3><strong>Buses in Abu Dhabi</strong></h3>\r\n\r\n<p>One of Abu Dhabi Public Transportation is public bus system; it&nbsp;is the backbone of its transportation network.&nbsp;Operated by the Abu Dhabi Roads and Transport Authority (RTA), the buses connect key areas within the emirate and also provide intercity routes to other Emirates like Dubai and Sharjah.&nbsp;</p>\r\n\r\n<h3><strong>Intercity Buses</strong></h3>\r\n\r\n<p>One of the key advantages of Abu Dhabi public transportation is the availability of intercity buses that link Abu Dhabi with neighboring Emirates:</p>\r\n\r\n<p><strong>Abu Dhabi to&nbsp;Dubai:</strong>&nbsp;Frequent buses run between Abu Dhabi main bus stop terminal to Ibn Battuta Bus stop, with travel times around 2 to 2:30 minutes.</p>\r\n\r\n<p><strong>Abu Dhabi to Sharjah:</strong>&nbsp;If&nbsp;you&rsquo;re&nbsp;heading to Sharjah, buses from Abu Dhabi main bus stop terminal&nbsp;operate&nbsp;regularly, making it easy to commute between the two Emirates.</p>\r\n\r\n<p><strong>Abu&nbsp;Dhabi to Al Ain:</strong>&nbsp;Abu Dhabi also offers bus services to Al Ain,&nbsp;providing a cost-effective option for long-distance travelers.</p>\r\n\r\n<h3><strong>Taxis in Abu Dhabi</strong></h3>\r\n\r\n<p>For those who prefer a quicker and more private&nbsp;option,&nbsp;and another&nbsp;option&nbsp;of Abu Dhabi Public Transportation is&nbsp;taxis. Taxis&nbsp;are a convenient way to get around.&nbsp;It&rsquo;s&nbsp;metered, and all vehicles are regulated by RTA, ensuring that fares are transparent and fair. While taxis are more expensive than buses, they offer the convenience of door-to-door service.</p>\r\n\r\n<p><strong>Fares:</strong>&nbsp;The starting fare for taxis in Sharjah is around AED 12, with rates increasing depending on the distance.</p>\r\n\r\n<p><strong>Ride-hailing&nbsp;Services:</strong>&nbsp;Popular apps like&nbsp;<strong>Yango and Careem</strong>&nbsp;are also available in Abu Dhabi, offering more flexibility for those who prefer to book rides online.</p>	2025-10-30 07:51:20.903096+00
2025-10-30 07:53:50.623476+00	2025-10-30 07:53:50.623483+00	6	t	f	Event & Wedding Planning	event-wedding-planning	Resorts in the UAE often provide high-end event and wedding planning services — handling everything from décor, catering, and venue setup to guest accommodation and logistics. This enables spectacular weddings, corporate retreats or celebrations on property.	<p>The resort&rsquo;s events team collaborates with clients to craft bespoke occasions: beachfront weddings, sunset vow renewals, gala dinners or corporate conferences. The team coordinates venue selection (ballrooms, gardens, private terraces), d&eacute;cor themes, audio-visual needs, catering menus, entertainment and guest accommodation. This turnkey approach appeals to international clients seeking luxurious, destination-style events in the UAE.<br />\r\nAdditionally, for weddings, the resort may offer specialised packages including photography, bridal spa treatments, d&eacute;cor floral arrangements and exclusive dinner menus. The integration of accommodation, venues, catering and guest services makes the resort a one-stop location for memorable life-events &mdash; and a key differentiator in the competitive UAE luxury leisure market.</p>	999.99	Plan	8	20	100	Abu Dhabi	<blockquote>\r\n<p>&ldquo;Looking FOR PUBLIC transportation to VISIT THE beautiful abu dhabi city&rdquo;</p>\r\n</blockquote>\r\n\r\n<p>Abu Dhabi offers a comprehensive public transport system that makes it easy to explore the emirate. Whether&nbsp;you&rsquo;re&nbsp;a resident or a visitor,&nbsp;Abu Dhabi public transportation&nbsp;is a reliable and affordable way to navigate the city. In this guide,&nbsp;we&rsquo;ll&nbsp;walk you through the main modes of public transport, tips for commuting, and how to make the most of your journey&nbsp;using&nbsp;Abu Dhabi&nbsp;Public Transportation</p>\r\n\r\n<h3><strong>Buses in Abu Dhabi</strong></h3>\r\n\r\n<p>One of Abu Dhabi Public Transportation is public bus system; it&nbsp;is the backbone of its transportation network.&nbsp;Operated by the Abu Dhabi Roads and Transport Authority (RTA), the buses connect key areas within the emirate and also provide intercity routes to other Emirates like Dubai and Sharjah.&nbsp;</p>\r\n\r\n<h3><strong>Intercity Buses</strong></h3>\r\n\r\n<p>One of the key advantages of Abu Dhabi public transportation is the availability of intercity buses that link Abu Dhabi with neighboring Emirates:</p>\r\n\r\n<p><strong>Abu Dhabi to&nbsp;Dubai:</strong>&nbsp;Frequent buses run between Abu Dhabi main bus stop terminal to Ibn Battuta Bus stop, with travel times around 2 to 2:30 minutes.</p>\r\n\r\n<p><strong>Abu Dhabi to Sharjah:</strong>&nbsp;If&nbsp;you&rsquo;re&nbsp;heading to Sharjah, buses from Abu Dhabi main bus stop terminal&nbsp;operate&nbsp;regularly, making it easy to commute between the two Emirates.</p>\r\n\r\n<p><strong>Abu&nbsp;Dhabi to Al Ain:</strong>&nbsp;Abu Dhabi also offers bus services to Al Ain,&nbsp;providing a cost-effective option for long-distance travelers.</p>\r\n\r\n<h3><strong>Taxis in Abu Dhabi</strong></h3>\r\n\r\n<p>For those who prefer a quicker and more private&nbsp;option,&nbsp;and another&nbsp;option&nbsp;of Abu Dhabi Public Transportation is&nbsp;taxis. Taxis&nbsp;are a convenient way to get around.&nbsp;It&rsquo;s&nbsp;metered, and all vehicles are regulated by RTA, ensuring that fares are transparent and fair. While taxis are more expensive than buses, they offer the convenience of door-to-door service.</p>\r\n\r\n<p><strong>Fares:</strong>&nbsp;The starting fare for taxis in Sharjah is around AED 12, with rates increasing depending on the distance.</p>\r\n\r\n<p><strong>Ride-hailing&nbsp;Services:</strong>&nbsp;Popular apps like&nbsp;<strong>Yango and Careem</strong>&nbsp;are also available in Abu Dhabi, offering more flexibility for those who prefer to book rides online.</p>	2025-10-30 07:53:50.623502+00
2025-10-30 07:56:17.65628+00	2025-10-30 07:56:17.656287+00	7	t	f	Housekeeping, Laundry & In-Room Services	housekeeping-laundry-in-room-services	Impeccable housekeeping, bespoke laundry services and in-room amenities are core to luxury resort operations, ensuring comfort, cleanliness and personalisation throughout the guest’s stay.	<p>Housekeeping teams operate with high standards of hygiene and care, often servicing rooms multiple times per day including turndown service. Laundry and pressing services are available, often with express options for guests who require fast turnaround. In-room amenities such as toiletries, minibar restocking, pillow menus, and nightly turndown add to the premium feel.<br />\r\nGuests can request special settings &mdash; e.g., romantic room setup, extra bedding for children, particular fragrance in the room or customised snack and beverage preferences. These personalised touches make the stay feel unique and tailored. The resort manages these services behind the scenes, ensuring each guest feels attended to and cared for.</p>	49.99	Taking	1	2	6	Abu Dhabi	<blockquote>\r\n<p>&ldquo;Looking FOR PUBLIC transportation to VISIT THE beautiful abu dhabi city&rdquo;</p>\r\n</blockquote>\r\n\r\n<p>Abu Dhabi offers a comprehensive public transport system that makes it easy to explore the emirate. Whether&nbsp;you&rsquo;re&nbsp;a resident or a visitor,&nbsp;Abu Dhabi public transportation&nbsp;is a reliable and affordable way to navigate the city. In this guide,&nbsp;we&rsquo;ll&nbsp;walk you through the main modes of public transport, tips for commuting, and how to make the most of your journey&nbsp;using&nbsp;Abu Dhabi&nbsp;Public Transportation</p>\r\n\r\n<h3><strong>Buses in Abu Dhabi</strong></h3>\r\n\r\n<p>One of Abu Dhabi Public Transportation is public bus system; it&nbsp;is the backbone of its transportation network.&nbsp;Operated by the Abu Dhabi Roads and Transport Authority (RTA), the buses connect key areas within the emirate and also provide intercity routes to other Emirates like Dubai and Sharjah.&nbsp;</p>\r\n\r\n<h3><strong>Intercity Buses</strong></h3>\r\n\r\n<p>One of the key advantages of Abu Dhabi public transportation is the availability of intercity buses that link Abu Dhabi with neighboring Emirates:</p>\r\n\r\n<p><strong>Abu Dhabi to&nbsp;Dubai:</strong>&nbsp;Frequent buses run between Abu Dhabi main bus stop terminal to Ibn Battuta Bus stop, with travel times around 2 to 2:30 minutes.</p>\r\n\r\n<p><strong>Abu Dhabi to Sharjah:</strong>&nbsp;If&nbsp;you&rsquo;re&nbsp;heading to Sharjah, buses from Abu Dhabi main bus stop terminal&nbsp;operate&nbsp;regularly, making it easy to commute between the two Emirates.</p>\r\n\r\n<p><strong>Abu&nbsp;Dhabi to Al Ain:</strong>&nbsp;Abu Dhabi also offers bus services to Al Ain,&nbsp;providing a cost-effective option for long-distance travelers.</p>\r\n\r\n<h3><strong>Taxis in Abu Dhabi</strong></h3>\r\n\r\n<p>For those who prefer a quicker and more private&nbsp;option,&nbsp;and another&nbsp;option&nbsp;of Abu Dhabi Public Transportation is&nbsp;taxis. Taxis&nbsp;are a convenient way to get around.&nbsp;It&rsquo;s&nbsp;metered, and all vehicles are regulated by RTA, ensuring that fares are transparent and fair. While taxis are more expensive than buses, they offer the convenience of door-to-door service.</p>\r\n\r\n<p><strong>Fares:</strong>&nbsp;The starting fare for taxis in Sharjah is around AED 12, with rates increasing depending on the distance.</p>\r\n\r\n<p><strong>Ride-hailing&nbsp;Services:</strong>&nbsp;Popular apps like&nbsp;<strong>Yango and Careem</strong>&nbsp;are also available in Abu Dhabi, offering more flexibility for those who prefer to book rides online.</p>	2025-10-30 07:56:17.656305+00
2025-10-30 07:59:03.067378+00	2025-10-30 07:59:03.067387+00	8	t	f	Excursions, Tours & Adventure Experience	excursions-tours-adventure-experience	Beyond the resort walls, guests often seek curated excursions and adventure experiences — whether desert safaris, yacht cruises, cultural tours, or underwater diving — which help define an unforgettable stay in the UAE.	<p>The resort&rsquo;s activity desk works with local partners to craft day trips and unique experiences: dune-bashing in the desert, private yacht outings along the coast, deep-sea fishing, scuba diving or cultural heritage tours. These experiences allow guests to explore the UAE&rsquo;s landscapes &mdash; from sprawling deserts to calm seas &mdash; while remaining in the comfort of the resort&rsquo;s concierge services oversight.<br />\r\nTailored packages may be offered, such as sunrise hot-air balloon rides, helicopter tours over the city, mangrove kayaking, beach horseback riding or exclusive sand-dune picnics. The resort often manages logistics, transfers and safety considerations, allowing guests to simply relax and enjoy the adventure. These offerings differentiate the stay and cater to guests looking for both relaxation and discovery.</p>	249.99	Visit	2	2	8	Abu Dhabi	<blockquote>\r\n<p>&ldquo;Looking FOR PUBLIC transportation to VISIT THE beautiful abu dhabi city&rdquo;</p>\r\n</blockquote>\r\n\r\n<p>Abu Dhabi offers a comprehensive public transport system that makes it easy to explore the emirate. Whether&nbsp;you&rsquo;re&nbsp;a resident or a visitor,&nbsp;Abu Dhabi public transportation&nbsp;is a reliable and affordable way to navigate the city. In this guide,&nbsp;we&rsquo;ll&nbsp;walk you through the main modes of public transport, tips for commuting, and how to make the most of your journey&nbsp;using&nbsp;Abu Dhabi&nbsp;Public Transportation</p>\r\n\r\n<h3><strong>Buses in Abu Dhabi</strong></h3>\r\n\r\n<p>One of Abu Dhabi Public Transportation is public bus system; it&nbsp;is the backbone of its transportation network.&nbsp;Operated by the Abu Dhabi Roads and Transport Authority (RTA), the buses connect key areas within the emirate and also provide intercity routes to other Emirates like Dubai and Sharjah.&nbsp;</p>\r\n\r\n<h3><strong>Intercity Buses</strong></h3>\r\n\r\n<p>One of the key advantages of Abu Dhabi public transportation is the availability of intercity buses that link Abu Dhabi with neighboring Emirates:</p>\r\n\r\n<p><strong>Abu Dhabi to&nbsp;Dubai:</strong>&nbsp;Frequent buses run between Abu Dhabi main bus stop terminal to Ibn Battuta Bus stop, with travel times around 2 to 2:30 minutes.</p>\r\n\r\n<p><strong>Abu Dhabi to Sharjah:</strong>&nbsp;If&nbsp;you&rsquo;re&nbsp;heading to Sharjah, buses from Abu Dhabi main bus stop terminal&nbsp;operate&nbsp;regularly, making it easy to commute between the two Emirates.</p>\r\n\r\n<p><strong>Abu&nbsp;Dhabi to Al Ain:</strong>&nbsp;Abu Dhabi also offers bus services to Al Ain,&nbsp;providing a cost-effective option for long-distance travelers.</p>\r\n\r\n<h3><strong>Taxis in Abu Dhabi</strong></h3>\r\n\r\n<p>For those who prefer a quicker and more private&nbsp;option,&nbsp;and another&nbsp;option&nbsp;of Abu Dhabi Public Transportation is&nbsp;taxis. Taxis&nbsp;are a convenient way to get around.&nbsp;It&rsquo;s&nbsp;metered, and all vehicles are regulated by RTA, ensuring that fares are transparent and fair. While taxis are more expensive than buses, they offer the convenience of door-to-door service.</p>\r\n\r\n<p><strong>Fares:</strong>&nbsp;The starting fare for taxis in Sharjah is around AED 12, with rates increasing depending on the distance.</p>\r\n\r\n<p><strong>Ride-hailing&nbsp;Services:</strong>&nbsp;Popular apps like&nbsp;<strong>Yango and Careem</strong>&nbsp;are also available in Abu Dhabi, offering more flexibility for those who prefer to book rides online.</p>	2025-10-30 07:59:03.067405+00
\.


--
-- Name: auth_group_id_seq; Type: SEQUENCE SET; Schema: public; Owner: thachu
--

SELECT pg_catalog.setval('public.auth_group_id_seq', 1, false);


--
-- Name: auth_group_permissions_id_seq; Type: SEQUENCE SET; Schema: public; Owner: thachu
--

SELECT pg_catalog.setval('public.auth_group_permissions_id_seq', 1, false);


--
-- Name: auth_permission_id_seq; Type: SEQUENCE SET; Schema: public; Owner: thachu
--

SELECT pg_catalog.setval('public.auth_permission_id_seq', 68, true);


--
-- Name: authentication_user_groups_id_seq; Type: SEQUENCE SET; Schema: public; Owner: thachu
--

SELECT pg_catalog.setval('public.authentication_user_groups_id_seq', 1, false);


--
-- Name: authentication_user_id_seq; Type: SEQUENCE SET; Schema: public; Owner: thachu
--

SELECT pg_catalog.setval('public.authentication_user_id_seq', 2, true);


--
-- Name: authentication_user_user_permissions_id_seq; Type: SEQUENCE SET; Schema: public; Owner: thachu
--

SELECT pg_catalog.setval('public.authentication_user_user_permissions_id_seq', 1, false);


--
-- Name: bookings_booking_id_seq; Type: SEQUENCE SET; Schema: public; Owner: thachu
--

SELECT pg_catalog.setval('public.bookings_booking_id_seq', 1, false);


--
-- Name: bookings_payment_id_seq; Type: SEQUENCE SET; Schema: public; Owner: thachu
--

SELECT pg_catalog.setval('public.bookings_payment_id_seq', 1, false);


--
-- Name: cart_cart_id_seq; Type: SEQUENCE SET; Schema: public; Owner: thachu
--

SELECT pg_catalog.setval('public.cart_cart_id_seq', 1, false);


--
-- Name: cart_cartitem_id_seq; Type: SEQUENCE SET; Schema: public; Owner: thachu
--

SELECT pg_catalog.setval('public.cart_cartitem_id_seq', 1, false);


--
-- Name: cart_orderdetail_id_seq; Type: SEQUENCE SET; Schema: public; Owner: thachu
--

SELECT pg_catalog.setval('public.cart_orderdetail_id_seq', 1, false);


--
-- Name: cart_orderitem_id_seq; Type: SEQUENCE SET; Schema: public; Owner: thachu
--

SELECT pg_catalog.setval('public.cart_orderitem_id_seq', 1, false);


--
-- Name: contacts_contactmessage_id_seq; Type: SEQUENCE SET; Schema: public; Owner: thachu
--

SELECT pg_catalog.setval('public.contacts_contactmessage_id_seq', 1, false);


--
-- Name: django_admin_log_id_seq; Type: SEQUENCE SET; Schema: public; Owner: thachu
--

SELECT pg_catalog.setval('public.django_admin_log_id_seq', 11, true);


--
-- Name: django_content_type_id_seq; Type: SEQUENCE SET; Schema: public; Owner: thachu
--

SELECT pg_catalog.setval('public.django_content_type_id_seq', 17, true);


--
-- Name: django_migrations_id_seq; Type: SEQUENCE SET; Schema: public; Owner: thachu
--

SELECT pg_catalog.setval('public.django_migrations_id_seq', 26, true);


--
-- Name: service_advertisement_id_seq; Type: SEQUENCE SET; Schema: public; Owner: thachu
--

SELECT pg_catalog.setval('public.service_advertisement_id_seq', 1, false);


--
-- Name: service_comment_id_seq; Type: SEQUENCE SET; Schema: public; Owner: thachu
--

SELECT pg_catalog.setval('public.service_comment_id_seq', 1, false);


--
-- Name: service_file_id_seq; Type: SEQUENCE SET; Schema: public; Owner: thachu
--

SELECT pg_catalog.setval('public.service_file_id_seq', 23, true);


--
-- Name: service_service_id_seq; Type: SEQUENCE SET; Schema: public; Owner: thachu
--

SELECT pg_catalog.setval('public.service_service_id_seq', 8, true);


--
-- Name: auth_group auth_group_name_key; Type: CONSTRAINT; Schema: public; Owner: thachu
--

ALTER TABLE ONLY public.auth_group
    ADD CONSTRAINT auth_group_name_key UNIQUE (name);


--
-- Name: auth_group_permissions auth_group_permissions_group_id_permission_id_0cd325b0_uniq; Type: CONSTRAINT; Schema: public; Owner: thachu
--

ALTER TABLE ONLY public.auth_group_permissions
    ADD CONSTRAINT auth_group_permissions_group_id_permission_id_0cd325b0_uniq UNIQUE (group_id, permission_id);


--
-- Name: auth_group_permissions auth_group_permissions_pkey; Type: CONSTRAINT; Schema: public; Owner: thachu
--

ALTER TABLE ONLY public.auth_group_permissions
    ADD CONSTRAINT auth_group_permissions_pkey PRIMARY KEY (id);


--
-- Name: auth_group auth_group_pkey; Type: CONSTRAINT; Schema: public; Owner: thachu
--

ALTER TABLE ONLY public.auth_group
    ADD CONSTRAINT auth_group_pkey PRIMARY KEY (id);


--
-- Name: auth_permission auth_permission_content_type_id_codename_01ab375a_uniq; Type: CONSTRAINT; Schema: public; Owner: thachu
--

ALTER TABLE ONLY public.auth_permission
    ADD CONSTRAINT auth_permission_content_type_id_codename_01ab375a_uniq UNIQUE (content_type_id, codename);


--
-- Name: auth_permission auth_permission_pkey; Type: CONSTRAINT; Schema: public; Owner: thachu
--

ALTER TABLE ONLY public.auth_permission
    ADD CONSTRAINT auth_permission_pkey PRIMARY KEY (id);


--
-- Name: authentication_user authentication_user_email_key; Type: CONSTRAINT; Schema: public; Owner: thachu
--

ALTER TABLE ONLY public.authentication_user
    ADD CONSTRAINT authentication_user_email_key UNIQUE (email);


--
-- Name: authentication_user_groups authentication_user_groups_pkey; Type: CONSTRAINT; Schema: public; Owner: thachu
--

ALTER TABLE ONLY public.authentication_user_groups
    ADD CONSTRAINT authentication_user_groups_pkey PRIMARY KEY (id);


--
-- Name: authentication_user_groups authentication_user_groups_user_id_group_id_8af031ac_uniq; Type: CONSTRAINT; Schema: public; Owner: thachu
--

ALTER TABLE ONLY public.authentication_user_groups
    ADD CONSTRAINT authentication_user_groups_user_id_group_id_8af031ac_uniq UNIQUE (user_id, group_id);


--
-- Name: authentication_user authentication_user_pkey; Type: CONSTRAINT; Schema: public; Owner: thachu
--

ALTER TABLE ONLY public.authentication_user
    ADD CONSTRAINT authentication_user_pkey PRIMARY KEY (id);


--
-- Name: authentication_user_user_permissions authentication_user_user_permissions_pkey; Type: CONSTRAINT; Schema: public; Owner: thachu
--

ALTER TABLE ONLY public.authentication_user_user_permissions
    ADD CONSTRAINT authentication_user_user_permissions_pkey PRIMARY KEY (id);


--
-- Name: authentication_user_user_permissions authentication_user_user_user_id_permission_id_ec51b09f_uniq; Type: CONSTRAINT; Schema: public; Owner: thachu
--

ALTER TABLE ONLY public.authentication_user_user_permissions
    ADD CONSTRAINT authentication_user_user_user_id_permission_id_ec51b09f_uniq UNIQUE (user_id, permission_id);


--
-- Name: bookings_booking bookings_booking_booking_number_key; Type: CONSTRAINT; Schema: public; Owner: thachu
--

ALTER TABLE ONLY public.bookings_booking
    ADD CONSTRAINT bookings_booking_booking_number_key UNIQUE (booking_number);


--
-- Name: bookings_booking bookings_booking_pkey; Type: CONSTRAINT; Schema: public; Owner: thachu
--

ALTER TABLE ONLY public.bookings_booking
    ADD CONSTRAINT bookings_booking_pkey PRIMARY KEY (id);


--
-- Name: bookings_payment bookings_payment_pkey; Type: CONSTRAINT; Schema: public; Owner: thachu
--

ALTER TABLE ONLY public.bookings_payment
    ADD CONSTRAINT bookings_payment_pkey PRIMARY KEY (id);


--
-- Name: cart_cart cart_cart_pkey; Type: CONSTRAINT; Schema: public; Owner: thachu
--

ALTER TABLE ONLY public.cart_cart
    ADD CONSTRAINT cart_cart_pkey PRIMARY KEY (id);


--
-- Name: cart_cartitem cart_cartitem_cart_id_service_id_booki_685b1905_uniq; Type: CONSTRAINT; Schema: public; Owner: thachu
--

ALTER TABLE ONLY public.cart_cartitem
    ADD CONSTRAINT cart_cartitem_cart_id_service_id_booki_685b1905_uniq UNIQUE (cart_id, service_id, booking_date, booking_time);


--
-- Name: cart_cartitem cart_cartitem_pkey; Type: CONSTRAINT; Schema: public; Owner: thachu
--

ALTER TABLE ONLY public.cart_cartitem
    ADD CONSTRAINT cart_cartitem_pkey PRIMARY KEY (id);


--
-- Name: cart_orderdetail cart_orderdetail_order_number_key; Type: CONSTRAINT; Schema: public; Owner: thachu
--

ALTER TABLE ONLY public.cart_orderdetail
    ADD CONSTRAINT cart_orderdetail_order_number_key UNIQUE (order_number);


--
-- Name: cart_orderdetail cart_orderdetail_pkey; Type: CONSTRAINT; Schema: public; Owner: thachu
--

ALTER TABLE ONLY public.cart_orderdetail
    ADD CONSTRAINT cart_orderdetail_pkey PRIMARY KEY (id);


--
-- Name: cart_orderitem cart_orderitem_pkey; Type: CONSTRAINT; Schema: public; Owner: thachu
--

ALTER TABLE ONLY public.cart_orderitem
    ADD CONSTRAINT cart_orderitem_pkey PRIMARY KEY (id);


--
-- Name: contacts_contactmessage contacts_contactmessage_pkey; Type: CONSTRAINT; Schema: public; Owner: thachu
--

ALTER TABLE ONLY public.contacts_contactmessage
    ADD CONSTRAINT contacts_contactmessage_pkey PRIMARY KEY (id);


--
-- Name: django_admin_log django_admin_log_pkey; Type: CONSTRAINT; Schema: public; Owner: thachu
--

ALTER TABLE ONLY public.django_admin_log
    ADD CONSTRAINT django_admin_log_pkey PRIMARY KEY (id);


--
-- Name: django_content_type django_content_type_app_label_model_76bd3d3b_uniq; Type: CONSTRAINT; Schema: public; Owner: thachu
--

ALTER TABLE ONLY public.django_content_type
    ADD CONSTRAINT django_content_type_app_label_model_76bd3d3b_uniq UNIQUE (app_label, model);


--
-- Name: django_content_type django_content_type_pkey; Type: CONSTRAINT; Schema: public; Owner: thachu
--

ALTER TABLE ONLY public.django_content_type
    ADD CONSTRAINT django_content_type_pkey PRIMARY KEY (id);


--
-- Name: django_migrations django_migrations_pkey; Type: CONSTRAINT; Schema: public; Owner: thachu
--

ALTER TABLE ONLY public.django_migrations
    ADD CONSTRAINT django_migrations_pkey PRIMARY KEY (id);


--
-- Name: django_session django_session_pkey; Type: CONSTRAINT; Schema: public; Owner: thachu
--

ALTER TABLE ONLY public.django_session
    ADD CONSTRAINT django_session_pkey PRIMARY KEY (session_key);


--
-- Name: service_advertisement service_advertisement_pkey; Type: CONSTRAINT; Schema: public; Owner: thachu
--

ALTER TABLE ONLY public.service_advertisement
    ADD CONSTRAINT service_advertisement_pkey PRIMARY KEY (id);


--
-- Name: service_comment service_comment_pkey; Type: CONSTRAINT; Schema: public; Owner: thachu
--

ALTER TABLE ONLY public.service_comment
    ADD CONSTRAINT service_comment_pkey PRIMARY KEY (id);


--
-- Name: service_file service_file_pkey; Type: CONSTRAINT; Schema: public; Owner: thachu
--

ALTER TABLE ONLY public.service_file
    ADD CONSTRAINT service_file_pkey PRIMARY KEY (id);


--
-- Name: service_service service_service_pkey; Type: CONSTRAINT; Schema: public; Owner: thachu
--

ALTER TABLE ONLY public.service_service
    ADD CONSTRAINT service_service_pkey PRIMARY KEY (id);


--
-- Name: service_service service_service_slug_key; Type: CONSTRAINT; Schema: public; Owner: thachu
--

ALTER TABLE ONLY public.service_service
    ADD CONSTRAINT service_service_slug_key UNIQUE (slug);


--
-- Name: auth_group_name_a6ea08ec_like; Type: INDEX; Schema: public; Owner: thachu
--

CREATE INDEX auth_group_name_a6ea08ec_like ON public.auth_group USING btree (name varchar_pattern_ops);


--
-- Name: auth_group_permissions_group_id_b120cbf9; Type: INDEX; Schema: public; Owner: thachu
--

CREATE INDEX auth_group_permissions_group_id_b120cbf9 ON public.auth_group_permissions USING btree (group_id);


--
-- Name: auth_group_permissions_permission_id_84c5c92e; Type: INDEX; Schema: public; Owner: thachu
--

CREATE INDEX auth_group_permissions_permission_id_84c5c92e ON public.auth_group_permissions USING btree (permission_id);


--
-- Name: auth_permission_content_type_id_2f476e4b; Type: INDEX; Schema: public; Owner: thachu
--

CREATE INDEX auth_permission_content_type_id_2f476e4b ON public.auth_permission USING btree (content_type_id);


--
-- Name: authentication_user_email_2220eff5_like; Type: INDEX; Schema: public; Owner: thachu
--

CREATE INDEX authentication_user_email_2220eff5_like ON public.authentication_user USING btree (email varchar_pattern_ops);


--
-- Name: authentication_user_groups_group_id_6b5c44b7; Type: INDEX; Schema: public; Owner: thachu
--

CREATE INDEX authentication_user_groups_group_id_6b5c44b7 ON public.authentication_user_groups USING btree (group_id);


--
-- Name: authentication_user_groups_user_id_30868577; Type: INDEX; Schema: public; Owner: thachu
--

CREATE INDEX authentication_user_groups_user_id_30868577 ON public.authentication_user_groups USING btree (user_id);


--
-- Name: authentication_user_user_permissions_permission_id_ea6be19a; Type: INDEX; Schema: public; Owner: thachu
--

CREATE INDEX authentication_user_user_permissions_permission_id_ea6be19a ON public.authentication_user_user_permissions USING btree (permission_id);


--
-- Name: authentication_user_user_permissions_user_id_736ebf7e; Type: INDEX; Schema: public; Owner: thachu
--

CREATE INDEX authentication_user_user_permissions_user_id_736ebf7e ON public.authentication_user_user_permissions USING btree (user_id);


--
-- Name: bookings_bo_booking_03d631_idx; Type: INDEX; Schema: public; Owner: thachu
--

CREATE INDEX bookings_bo_booking_03d631_idx ON public.bookings_booking USING btree (booking_number);


--
-- Name: bookings_bo_created_7d6386_idx; Type: INDEX; Schema: public; Owner: thachu
--

CREATE INDEX bookings_bo_created_7d6386_idx ON public.bookings_booking USING btree (created_at DESC);


--
-- Name: bookings_bo_status_233e96_idx; Type: INDEX; Schema: public; Owner: thachu
--

CREATE INDEX bookings_bo_status_233e96_idx ON public.bookings_booking USING btree (status);


--
-- Name: bookings_bo_user_id_0e7f91_idx; Type: INDEX; Schema: public; Owner: thachu
--

CREATE INDEX bookings_bo_user_id_0e7f91_idx ON public.bookings_booking USING btree (user_id);


--
-- Name: bookings_booking_booking_number_a11a19da_like; Type: INDEX; Schema: public; Owner: thachu
--

CREATE INDEX bookings_booking_booking_number_a11a19da_like ON public.bookings_booking USING btree (booking_number varchar_pattern_ops);


--
-- Name: bookings_booking_order_id_aedabed9; Type: INDEX; Schema: public; Owner: thachu
--

CREATE INDEX bookings_booking_order_id_aedabed9 ON public.bookings_booking USING btree (order_id);


--
-- Name: bookings_booking_user_id_834dfc23; Type: INDEX; Schema: public; Owner: thachu
--

CREATE INDEX bookings_booking_user_id_834dfc23 ON public.bookings_booking USING btree (user_id);


--
-- Name: bookings_payment_booking_id_0afdaed6; Type: INDEX; Schema: public; Owner: thachu
--

CREATE INDEX bookings_payment_booking_id_0afdaed6 ON public.bookings_payment USING btree (booking_id);


--
-- Name: cart_cart_last_ac_8149bb_idx; Type: INDEX; Schema: public; Owner: thachu
--

CREATE INDEX cart_cart_last_ac_8149bb_idx ON public.cart_cart USING btree (last_activity DESC);


--
-- Name: cart_cart_session_31bbdf_idx; Type: INDEX; Schema: public; Owner: thachu
--

CREATE INDEX cart_cart_session_31bbdf_idx ON public.cart_cart USING btree (session_id, status);


--
-- Name: cart_cart_user_id_2c8a21_idx; Type: INDEX; Schema: public; Owner: thachu
--

CREATE INDEX cart_cart_user_id_2c8a21_idx ON public.cart_cart USING btree (user_id, status);


--
-- Name: cart_cart_user_id_9b4220b9; Type: INDEX; Schema: public; Owner: thachu
--

CREATE INDEX cart_cart_user_id_9b4220b9 ON public.cart_cart USING btree (user_id);


--
-- Name: cart_cartitem_cart_id_370ad265; Type: INDEX; Schema: public; Owner: thachu
--

CREATE INDEX cart_cartitem_cart_id_370ad265 ON public.cart_cartitem USING btree (cart_id);


--
-- Name: cart_cartitem_service_id_6374e7f9; Type: INDEX; Schema: public; Owner: thachu
--

CREATE INDEX cart_cartitem_service_id_6374e7f9 ON public.cart_cartitem USING btree (service_id);


--
-- Name: cart_orderd_order_d_fccd41_idx; Type: INDEX; Schema: public; Owner: thachu
--

CREATE INDEX cart_orderd_order_d_fccd41_idx ON public.cart_orderdetail USING btree (order_date DESC);


--
-- Name: cart_orderd_order_n_22b79d_idx; Type: INDEX; Schema: public; Owner: thachu
--

CREATE INDEX cart_orderd_order_n_22b79d_idx ON public.cart_orderdetail USING btree (order_number);


--
-- Name: cart_orderd_payment_ea7edd_idx; Type: INDEX; Schema: public; Owner: thachu
--

CREATE INDEX cart_orderd_payment_ea7edd_idx ON public.cart_orderdetail USING btree (payment_status);


--
-- Name: cart_orderd_status_df61af_idx; Type: INDEX; Schema: public; Owner: thachu
--

CREATE INDEX cart_orderd_status_df61af_idx ON public.cart_orderdetail USING btree (status);


--
-- Name: cart_orderd_user_id_f8f556_idx; Type: INDEX; Schema: public; Owner: thachu
--

CREATE INDEX cart_orderd_user_id_f8f556_idx ON public.cart_orderdetail USING btree (user_id);


--
-- Name: cart_orderdetail_cart_id_e30acbaf; Type: INDEX; Schema: public; Owner: thachu
--

CREATE INDEX cart_orderdetail_cart_id_e30acbaf ON public.cart_orderdetail USING btree (cart_id);


--
-- Name: cart_orderdetail_order_number_22f1ce15_like; Type: INDEX; Schema: public; Owner: thachu
--

CREATE INDEX cart_orderdetail_order_number_22f1ce15_like ON public.cart_orderdetail USING btree (order_number varchar_pattern_ops);


--
-- Name: cart_orderdetail_user_id_c85d10e7; Type: INDEX; Schema: public; Owner: thachu
--

CREATE INDEX cart_orderdetail_user_id_c85d10e7 ON public.cart_orderdetail USING btree (user_id);


--
-- Name: cart_orderitem_order_id_bfb4d452; Type: INDEX; Schema: public; Owner: thachu
--

CREATE INDEX cart_orderitem_order_id_bfb4d452 ON public.cart_orderitem USING btree (order_id);


--
-- Name: cart_orderitem_service_id_32255c3c; Type: INDEX; Schema: public; Owner: thachu
--

CREATE INDEX cart_orderitem_service_id_32255c3c ON public.cart_orderitem USING btree (service_id);


--
-- Name: django_admin_log_content_type_id_c4bce8eb; Type: INDEX; Schema: public; Owner: thachu
--

CREATE INDEX django_admin_log_content_type_id_c4bce8eb ON public.django_admin_log USING btree (content_type_id);


--
-- Name: django_admin_log_user_id_c564eba6; Type: INDEX; Schema: public; Owner: thachu
--

CREATE INDEX django_admin_log_user_id_c564eba6 ON public.django_admin_log USING btree (user_id);


--
-- Name: django_session_expire_date_a5c62663; Type: INDEX; Schema: public; Owner: thachu
--

CREATE INDEX django_session_expire_date_a5c62663 ON public.django_session USING btree (expire_date);


--
-- Name: django_session_session_key_c0390e0f_like; Type: INDEX; Schema: public; Owner: thachu
--

CREATE INDEX django_session_session_key_c0390e0f_like ON public.django_session USING btree (session_key varchar_pattern_ops);


--
-- Name: service_comment_author_id_d80635e8; Type: INDEX; Schema: public; Owner: thachu
--

CREATE INDEX service_comment_author_id_d80635e8 ON public.service_comment USING btree (author_id);


--
-- Name: service_comment_content_type_id_55e16df0; Type: INDEX; Schema: public; Owner: thachu
--

CREATE INDEX service_comment_content_type_id_55e16df0 ON public.service_comment USING btree (content_type_id);


--
-- Name: service_file_service_id_e848f7b7; Type: INDEX; Schema: public; Owner: thachu
--

CREATE INDEX service_file_service_id_e848f7b7 ON public.service_file USING btree (service_id);


--
-- Name: service_service_slug_542cade8_like; Type: INDEX; Schema: public; Owner: thachu
--

CREATE INDEX service_service_slug_542cade8_like ON public.service_service USING btree (slug varchar_pattern_ops);


--
-- Name: auth_group_permissions auth_group_permissio_permission_id_84c5c92e_fk_auth_perm; Type: FK CONSTRAINT; Schema: public; Owner: thachu
--

ALTER TABLE ONLY public.auth_group_permissions
    ADD CONSTRAINT auth_group_permissio_permission_id_84c5c92e_fk_auth_perm FOREIGN KEY (permission_id) REFERENCES public.auth_permission(id) DEFERRABLE INITIALLY DEFERRED;


--
-- Name: auth_group_permissions auth_group_permissions_group_id_b120cbf9_fk_auth_group_id; Type: FK CONSTRAINT; Schema: public; Owner: thachu
--

ALTER TABLE ONLY public.auth_group_permissions
    ADD CONSTRAINT auth_group_permissions_group_id_b120cbf9_fk_auth_group_id FOREIGN KEY (group_id) REFERENCES public.auth_group(id) DEFERRABLE INITIALLY DEFERRED;


--
-- Name: auth_permission auth_permission_content_type_id_2f476e4b_fk_django_co; Type: FK CONSTRAINT; Schema: public; Owner: thachu
--

ALTER TABLE ONLY public.auth_permission
    ADD CONSTRAINT auth_permission_content_type_id_2f476e4b_fk_django_co FOREIGN KEY (content_type_id) REFERENCES public.django_content_type(id) DEFERRABLE INITIALLY DEFERRED;


--
-- Name: authentication_user_user_permissions authentication_user__permission_id_ea6be19a_fk_auth_perm; Type: FK CONSTRAINT; Schema: public; Owner: thachu
--

ALTER TABLE ONLY public.authentication_user_user_permissions
    ADD CONSTRAINT authentication_user__permission_id_ea6be19a_fk_auth_perm FOREIGN KEY (permission_id) REFERENCES public.auth_permission(id) DEFERRABLE INITIALLY DEFERRED;


--
-- Name: authentication_user_groups authentication_user__user_id_30868577_fk_authentic; Type: FK CONSTRAINT; Schema: public; Owner: thachu
--

ALTER TABLE ONLY public.authentication_user_groups
    ADD CONSTRAINT authentication_user__user_id_30868577_fk_authentic FOREIGN KEY (user_id) REFERENCES public.authentication_user(id) DEFERRABLE INITIALLY DEFERRED;


--
-- Name: authentication_user_user_permissions authentication_user__user_id_736ebf7e_fk_authentic; Type: FK CONSTRAINT; Schema: public; Owner: thachu
--

ALTER TABLE ONLY public.authentication_user_user_permissions
    ADD CONSTRAINT authentication_user__user_id_736ebf7e_fk_authentic FOREIGN KEY (user_id) REFERENCES public.authentication_user(id) DEFERRABLE INITIALLY DEFERRED;


--
-- Name: authentication_user_groups authentication_user_groups_group_id_6b5c44b7_fk_auth_group_id; Type: FK CONSTRAINT; Schema: public; Owner: thachu
--

ALTER TABLE ONLY public.authentication_user_groups
    ADD CONSTRAINT authentication_user_groups_group_id_6b5c44b7_fk_auth_group_id FOREIGN KEY (group_id) REFERENCES public.auth_group(id) DEFERRABLE INITIALLY DEFERRED;


--
-- Name: bookings_booking bookings_booking_order_id_aedabed9_fk_cart_orderdetail_id; Type: FK CONSTRAINT; Schema: public; Owner: thachu
--

ALTER TABLE ONLY public.bookings_booking
    ADD CONSTRAINT bookings_booking_order_id_aedabed9_fk_cart_orderdetail_id FOREIGN KEY (order_id) REFERENCES public.cart_orderdetail(id) DEFERRABLE INITIALLY DEFERRED;


--
-- Name: bookings_booking bookings_booking_user_id_834dfc23_fk_authentication_user_id; Type: FK CONSTRAINT; Schema: public; Owner: thachu
--

ALTER TABLE ONLY public.bookings_booking
    ADD CONSTRAINT bookings_booking_user_id_834dfc23_fk_authentication_user_id FOREIGN KEY (user_id) REFERENCES public.authentication_user(id) DEFERRABLE INITIALLY DEFERRED;


--
-- Name: bookings_payment bookings_payment_booking_id_0afdaed6_fk_bookings_booking_id; Type: FK CONSTRAINT; Schema: public; Owner: thachu
--

ALTER TABLE ONLY public.bookings_payment
    ADD CONSTRAINT bookings_payment_booking_id_0afdaed6_fk_bookings_booking_id FOREIGN KEY (booking_id) REFERENCES public.bookings_booking(id) DEFERRABLE INITIALLY DEFERRED;


--
-- Name: cart_cart cart_cart_user_id_9b4220b9_fk_authentication_user_id; Type: FK CONSTRAINT; Schema: public; Owner: thachu
--

ALTER TABLE ONLY public.cart_cart
    ADD CONSTRAINT cart_cart_user_id_9b4220b9_fk_authentication_user_id FOREIGN KEY (user_id) REFERENCES public.authentication_user(id) DEFERRABLE INITIALLY DEFERRED;


--
-- Name: cart_cartitem cart_cartitem_cart_id_370ad265_fk_cart_cart_id; Type: FK CONSTRAINT; Schema: public; Owner: thachu
--

ALTER TABLE ONLY public.cart_cartitem
    ADD CONSTRAINT cart_cartitem_cart_id_370ad265_fk_cart_cart_id FOREIGN KEY (cart_id) REFERENCES public.cart_cart(id) DEFERRABLE INITIALLY DEFERRED;


--
-- Name: cart_cartitem cart_cartitem_service_id_6374e7f9_fk_service_service_id; Type: FK CONSTRAINT; Schema: public; Owner: thachu
--

ALTER TABLE ONLY public.cart_cartitem
    ADD CONSTRAINT cart_cartitem_service_id_6374e7f9_fk_service_service_id FOREIGN KEY (service_id) REFERENCES public.service_service(id) DEFERRABLE INITIALLY DEFERRED;


--
-- Name: cart_orderdetail cart_orderdetail_cart_id_e30acbaf_fk_cart_cart_id; Type: FK CONSTRAINT; Schema: public; Owner: thachu
--

ALTER TABLE ONLY public.cart_orderdetail
    ADD CONSTRAINT cart_orderdetail_cart_id_e30acbaf_fk_cart_cart_id FOREIGN KEY (cart_id) REFERENCES public.cart_cart(id) DEFERRABLE INITIALLY DEFERRED;


--
-- Name: cart_orderdetail cart_orderdetail_user_id_c85d10e7_fk_authentication_user_id; Type: FK CONSTRAINT; Schema: public; Owner: thachu
--

ALTER TABLE ONLY public.cart_orderdetail
    ADD CONSTRAINT cart_orderdetail_user_id_c85d10e7_fk_authentication_user_id FOREIGN KEY (user_id) REFERENCES public.authentication_user(id) DEFERRABLE INITIALLY DEFERRED;


--
-- Name: cart_orderitem cart_orderitem_order_id_bfb4d452_fk_cart_orderdetail_id; Type: FK CONSTRAINT; Schema: public; Owner: thachu
--

ALTER TABLE ONLY public.cart_orderitem
    ADD CONSTRAINT cart_orderitem_order_id_bfb4d452_fk_cart_orderdetail_id FOREIGN KEY (order_id) REFERENCES public.cart_orderdetail(id) DEFERRABLE INITIALLY DEFERRED;


--
-- Name: cart_orderitem cart_orderitem_service_id_32255c3c_fk_service_service_id; Type: FK CONSTRAINT; Schema: public; Owner: thachu
--

ALTER TABLE ONLY public.cart_orderitem
    ADD CONSTRAINT cart_orderitem_service_id_32255c3c_fk_service_service_id FOREIGN KEY (service_id) REFERENCES public.service_service(id) DEFERRABLE INITIALLY DEFERRED;


--
-- Name: django_admin_log django_admin_log_content_type_id_c4bce8eb_fk_django_co; Type: FK CONSTRAINT; Schema: public; Owner: thachu
--

ALTER TABLE ONLY public.django_admin_log
    ADD CONSTRAINT django_admin_log_content_type_id_c4bce8eb_fk_django_co FOREIGN KEY (content_type_id) REFERENCES public.django_content_type(id) DEFERRABLE INITIALLY DEFERRED;


--
-- Name: django_admin_log django_admin_log_user_id_c564eba6_fk_authentication_user_id; Type: FK CONSTRAINT; Schema: public; Owner: thachu
--

ALTER TABLE ONLY public.django_admin_log
    ADD CONSTRAINT django_admin_log_user_id_c564eba6_fk_authentication_user_id FOREIGN KEY (user_id) REFERENCES public.authentication_user(id) DEFERRABLE INITIALLY DEFERRED;


--
-- Name: service_comment service_comment_author_id_d80635e8_fk_authentication_user_id; Type: FK CONSTRAINT; Schema: public; Owner: thachu
--

ALTER TABLE ONLY public.service_comment
    ADD CONSTRAINT service_comment_author_id_d80635e8_fk_authentication_user_id FOREIGN KEY (author_id) REFERENCES public.authentication_user(id) DEFERRABLE INITIALLY DEFERRED;


--
-- Name: service_comment service_comment_content_type_id_55e16df0_fk_django_co; Type: FK CONSTRAINT; Schema: public; Owner: thachu
--

ALTER TABLE ONLY public.service_comment
    ADD CONSTRAINT service_comment_content_type_id_55e16df0_fk_django_co FOREIGN KEY (content_type_id) REFERENCES public.django_content_type(id) DEFERRABLE INITIALLY DEFERRED;


--
-- Name: service_file service_file_service_id_e848f7b7_fk_service_service_id; Type: FK CONSTRAINT; Schema: public; Owner: thachu
--

ALTER TABLE ONLY public.service_file
    ADD CONSTRAINT service_file_service_id_e848f7b7_fk_service_service_id FOREIGN KEY (service_id) REFERENCES public.service_service(id) DEFERRABLE INITIALLY DEFERRED;


--
-- PostgreSQL database dump complete
--

